case_id,record_id,task_type,scenario_family,task_profile,contextual_warning,expected_cfp_intent,expected_cfp_keywords,expected_refinement_focus,expected_refinement_agents,expected_final_host,feasible_agents,unsafe_agents,cluster_utilities,has_feasible_host
S4B_001,ALI_00005,computer_vision_stream,conflict_resolution,"Deploy a high-priority online inference workload of type cv as an edge stream task. The workload requests 0.31 GPU units and has observed duration 0.29 hours. Evaluate resource availability, latency risk, scheduling delay, and requirements: conflict_awareness, high_bandwidth, low_latency, priority_awareness, resource_reservation.",high scheduling delay or readiness failure indicates resource contention;negative ready delay indicates missing or abnormal readiness information,conflict_aware_offloading,computer_vision_stream;conflict_resolution;conflict_awareness;high_bandwidth;low_latency;priority_awareness;resource_reservation,latency;bandwidth;conflict;priority,A3;A4;A2,A3,A2;A3;A4,A1;A5,C1:0.2864;C2:0.3263;C3:0.4846;C4:0.3958;C5:0.1292,True
S4B_002,ALI_00437,background_stream_analytics,data_drift,"Deploy a lower-priority offline inference workload of type unknown as an edge stream task. The workload requests 0.25 GPU units and has observed duration 0.02 hours. Evaluate resource availability, latency risk, scheduling delay, and requirements: drift_awareness.",lower-urgency stream analytics may hide delayed workload bursts,drift_aware_offloading,background_stream_analytics;data_drift;drift_awareness,drift,A3;A4;A5,A3,A3;A4;A5,A1;A2,C1:0.4282;C2:0.4112;C3:0.5389;C4:0.4874;C5:0.3882,True
S4B_003,ALI_00001,online_stream_inference,dynamic_workload,"Deploy a high-priority online inference workload of type unknown as an edge stream task. The workload requests 0.24 GPU units and has observed duration 1437.98 hours. Evaluate resource availability, latency risk, scheduling delay, and requirements: low_latency, priority_awareness.",long-running stream workload may reduce future resource stability,latency_critical_offloading,online_stream_inference;dynamic_workload;low_latency;priority_awareness,latency;priority,A3;A1;A4,A3,A1;A2;A3;A4;A5,NONE,C1:0.4754;C2:0.4354;C3:0.6017;C4:0.4598;C5:0.3182,True
S4B_004,ALI_00052,recommendation_stream,unseen_task,"Deploy a lower-priority training workload of type rec as an edge stream task. The workload requests 0.50 GPU units and has observed duration 0.74 hours. Evaluate resource availability, latency risk, scheduling delay, and requirements: user_profile_awareness.",,resource_aware_offloading,recommendation_stream;unseen_task;user_profile_awareness,resource,A1,A1,A1,A2;A3;A4;A5,C1:0.4691;C2:0.452;C3:0.4998;C4:0.4482;C5:0.349,True
S4B_005,ALI_00013,computer_vision_stream,conflict_resolution,"Deploy a high-priority online inference workload of type cv as an edge stream task. The workload requests 0.11 GPU units and has observed duration 1.38 hours. Evaluate resource availability, latency risk, scheduling delay, and requirements: conflict_awareness, high_bandwidth, low_latency, priority_awareness, resource_reservation.",high scheduling delay or readiness failure indicates resource contention;negative ready delay indicates missing or abnormal readiness information,conflict_aware_offloading,computer_vision_stream;conflict_resolution;conflict_awareness;high_bandwidth;low_latency;priority_awareness;resource_reservation,latency;bandwidth;conflict;priority,A3;A4;A2,A3,A2;A3;A4,A1;A5,C1:0.4598;C2:0.4547;C3:0.613;C4:0.5242;C5:0.3026,True
S4B_006,ALI_00457,background_stream_analytics,data_drift,"Deploy a lower-priority offline inference workload of type unknown as an edge stream task. The workload requests 0.25 GPU units and has observed duration 0.02 hours. Evaluate resource availability, latency risk, scheduling delay, and requirements: drift_awareness.",lower-urgency stream analytics may hide delayed workload bursts,drift_aware_offloading,background_stream_analytics;data_drift;drift_awareness,drift,A3;A4;A5,A3,A3;A4;A5,A1;A2,C1:0.5146;C2:0.4975;C3:0.6253;C4:0.5737;C5:0.4746,True
S4B_007,ALI_00105,online_stream_inference,dynamic_workload,"Deploy a high-priority online inference workload of type unknown as an edge stream task. The workload requests 0.06 GPU units and has observed duration 1703.97 hours. Evaluate resource availability, latency risk, scheduling delay, and requirements: low_latency, priority_awareness.",long-running stream workload may reduce future resource stability,latency_critical_offloading,online_stream_inference;dynamic_workload;low_latency;priority_awareness,latency;priority,A3;A4;A1,A3,A1;A2;A3;A4;A5,NONE,C1:0.4723;C2:0.4322;C3:0.5986;C4:0.5017;C5:0.3151,True
S4B_008,ALI_00069,computer_vision_stream,unseen_task,"Deploy a high-priority online inference workload of type cv as an edge stream task. The workload requests 0.23 GPU units and has observed duration 2.32 hours. Evaluate resource availability, latency risk, scheduling delay, and requirements: high_bandwidth, low_latency, priority_awareness.",,latency_critical_offloading,computer_vision_stream;unseen_task;high_bandwidth;low_latency;priority_awareness,latency;bandwidth;priority,A3,A3,A3,A1;A2;A4;A5,C1:0.363;C2:0.3594;C3:0.5076;C4:0.3962;C5:0.3124,True
S4B_009,ALI_00030,computer_vision_stream,conflict_resolution,"Deploy a high-priority online inference workload of type cv as an edge stream task. The workload requests 0.31 GPU units and has observed duration 0.18 hours. Evaluate resource availability, latency risk, scheduling delay, and requirements: conflict_awareness, high_bandwidth, low_latency, priority_awareness, resource_reservation.",high scheduling delay or readiness failure indicates resource contention;negative ready delay indicates missing or abnormal readiness information,conflict_aware_offloading,computer_vision_stream;conflict_resolution;conflict_awareness;high_bandwidth;low_latency;priority_awareness;resource_reservation,latency;bandwidth;conflict;priority,A3;A4;A2,A3,A2;A3;A4,A1;A5,C1:0.373;C2:0.4129;C3:0.5712;C4:0.4824;C5:0.2284,True
S4B_010,ALI_00470,background_stream_analytics,data_drift,"Deploy a lower-priority offline inference workload of type unknown as an edge stream task. The workload requests 0.25 GPU units and has observed duration 0.03 hours. Evaluate resource availability, latency risk, scheduling delay, and requirements: drift_awareness.",lower-urgency stream analytics may hide delayed workload bursts,drift_aware_offloading,background_stream_analytics;data_drift;drift_awareness,drift,A3;A4;A5,A3,A3;A4;A5,A1;A2,C1:0.4607;C2:0.4437;C3:0.6164;C4:0.5648;C5:0.4207,True
S4B_011,ALI_00169,online_stream_inference,dynamic_workload,"Deploy a high-priority online inference workload of type unknown as an edge stream task. The workload requests 0.06 GPU units and has observed duration 240.52 hours. Evaluate resource availability, latency risk, scheduling delay, and requirements: low_latency, priority_awareness.",,latency_critical_offloading,online_stream_inference;dynamic_workload;low_latency;priority_awareness,latency;priority,A3;A4;A1,A3,A1;A2;A3;A4;A5,NONE,C1:0.5336;C2:0.4935;C3:0.6562;C4:0.563;C5:0.4214,True
S4B_012,ALI_00116,computer_vision_stream,unseen_task,"Deploy a high-priority online inference workload of type cv as an edge stream task. The workload requests 0.07 GPU units and has observed duration 23.99 hours. Evaluate resource availability, latency risk, scheduling delay, and requirements: high_bandwidth, low_latency, priority_awareness.",,latency_critical_offloading,computer_vision_stream;unseen_task;high_bandwidth;low_latency;priority_awareness,latency;bandwidth;priority,A3,A3,A3,A1;A2;A4;A5,C1:0.4766;C2:0.4554;C3:0.6216;C4:0.4648;C5:0.3634,True
S4B_013,ALI_00035,computer_vision_stream,conflict_resolution,"Deploy a high-priority online inference workload of type cv as an edge stream task. The workload requests 0.07 GPU units and has observed duration 1.37 hours. Evaluate resource availability, latency risk, scheduling delay, and requirements: conflict_awareness, high_bandwidth, low_latency, priority_awareness, resource_reservation.",high scheduling delay or readiness failure indicates resource contention;negative ready delay indicates missing or abnormal readiness information,conflict_aware_offloading,computer_vision_stream;conflict_resolution;conflict_awareness;high_bandwidth;low_latency;priority_awareness;resource_reservation,latency;bandwidth;conflict;priority,A3;A4;A2,A3,A2;A3;A4,A1;A5,C1:0.3156;C2:0.3556;C3:0.5139;C4:0.4251;C5:0.1836,True
S4B_014,ALI_00962,background_stream_analytics,data_drift,"Deploy a lower-priority offline inference workload of type unknown as an edge stream task. The workload requests 0.33 GPU units and has observed duration 78.59 hours. Evaluate resource availability, latency risk, scheduling delay, and requirements: drift_awareness.",lower-urgency stream analytics may hide delayed workload bursts,drift_aware_offloading,background_stream_analytics;data_drift;drift_awareness,drift,A3;A4;A5,A3,A3;A4;A5,A1;A2,C1:0.4533;C2:0.4362;C3:0.564;C4:0.5124;C5:0.4132,True
S4B_015,ALI_00121,computer_vision_stream,unseen_task,"Deploy a high-priority online inference workload of type cv as an edge stream task. The workload requests 0.46 GPU units and has observed duration 407.98 hours. Evaluate resource availability, latency risk, scheduling delay, and requirements: high_bandwidth, low_latency, priority_awareness.",long-running stream workload may reduce future resource stability,latency_critical_offloading,computer_vision_stream;unseen_task;high_bandwidth;low_latency;priority_awareness,latency;bandwidth;priority,A3,A3,A3,A1;A2;A4;A5,C1:0.3477;C2:0.3441;C3:0.4998;C4:0.3359;C5:0.2521,True
S4B_016,ALI_00045,computer_vision_stream,conflict_resolution,"Deploy a high-priority online inference workload of type cv as an edge stream task. The workload requests 0.31 GPU units and has observed duration 1.16 hours. Evaluate resource availability, latency risk, scheduling delay, and requirements: conflict_awareness, high_bandwidth, low_latency, priority_awareness, resource_reservation.",high scheduling delay or readiness failure indicates resource contention;negative ready delay indicates missing or abnormal readiness information,conflict_aware_offloading,computer_vision_stream;conflict_resolution;conflict_awareness;high_bandwidth;low_latency;priority_awareness;resource_reservation,latency;bandwidth;conflict;priority,A3;A4;A2,A3,A2;A3;A4,A1;A5,C1:0.3296;C2:0.3695;C3:0.5278;C4:0.439;C5:0.1724,True
S4B_017,ALI_00300,online_stream_inference,dynamic_workload,"Deploy a high-priority online inference workload of type unknown as an edge stream task. The workload requests 0.12 GPU units and has observed duration 0.58 hours. Evaluate resource availability, latency risk, scheduling delay, and requirements: low_latency, priority_awareness.",,latency_critical_offloading,online_stream_inference;dynamic_workload;low_latency;priority_awareness,latency;priority,A3;A4;A1,A3,A1;A2;A3;A4;A5,NONE,C1:0.572;C2:0.5319;C3:0.6902;C4:0.6014;C5:0.4148,True
S4B_018,ALI_00127,computer_vision_stream,unseen_task,"Deploy a high-priority online inference workload of type cv as an edge stream task. The workload requests 0.07 GPU units and has observed duration 23.97 hours. Evaluate resource availability, latency risk, scheduling delay, and requirements: high_bandwidth, low_latency, priority_awareness.",,latency_critical_offloading,computer_vision_stream;unseen_task;high_bandwidth;low_latency;priority_awareness,latency;bandwidth;priority,A3,A3,A3,A1;A2;A4;A5,C1:0.4588;C2:0.4596;C3:0.528;C4:0.4338;C5:0.3676,True
S4B_019,ALI_00068,computer_vision_stream,conflict_resolution,"Deploy a high-priority online inference workload of type cv as an edge stream task. The workload requests 0.11 GPU units and has observed duration 1.54 hours. Evaluate resource availability, latency risk, scheduling delay, and requirements: conflict_awareness, high_bandwidth, low_latency, priority_awareness, resource_reservation.",high scheduling delay or readiness failure indicates resource contention;negative ready delay indicates missing or abnormal readiness information,conflict_aware_offloading,computer_vision_stream;conflict_resolution;conflict_awareness;high_bandwidth;low_latency;priority_awareness;resource_reservation,latency;bandwidth;conflict;priority,A3;A4;A2,A3,A2;A3;A4,A1;A5,C1:0.4595;C2:0.4545;C3:0.6128;C4:0.524;C5:0.3023,True
S4B_020,ALI_00406,online_stream_inference,dynamic_workload,"Deploy a high-priority online inference workload of type unknown as an edge stream task. The workload requests 0.06 GPU units and has observed duration 20.59 hours. Evaluate resource availability, latency risk, scheduling delay, and requirements: low_latency, priority_awareness.",,latency_critical_offloading,online_stream_inference;dynamic_workload;low_latency;priority_awareness,latency;priority,A3;A1;A4,A3,A1;A2;A3;A4,A5,C1:0.4694;C2:0.4294;C3:0.588;C4:0.4539;C5:0.3248,True
S4B_021,ALI_00136,computer_vision_stream,unseen_task,"Deploy a lower-priority online inference workload of type cv as an edge stream task. The workload requests 0.11 GPU units and has observed duration 0.09 hours. Evaluate resource availability, latency risk, scheduling delay, and requirements: high_bandwidth.",,bandwidth_aware_offloading,computer_vision_stream;unseen_task;high_bandwidth,bandwidth,A3;A1;A2,A3,A1;A2;A3;A4;A5,NONE,C1:0.5579;C2:0.5409;C3:0.6336;C4:0.5371;C5:0.4378,True
S4B_022,ALI_00144,computer_vision_stream,conflict_resolution,"Deploy a high-priority online inference workload of type cv as an edge stream task. The workload requests 0.31 GPU units and has observed duration 3.29 hours. Evaluate resource availability, latency risk, scheduling delay, and requirements: conflict_awareness, high_bandwidth, low_latency, priority_awareness, resource_reservation.",high scheduling delay or readiness failure indicates resource contention;negative ready delay indicates missing or abnormal readiness information,conflict_aware_offloading,computer_vision_stream;conflict_resolution;conflict_awareness;high_bandwidth;low_latency;priority_awareness;resource_reservation,latency;bandwidth;conflict;priority,A3;A4;A2,A3,A2;A3;A4,A1;A5,C1:0.4067;C2:0.4467;C3:0.605;C4:0.5161;C5:0.2945,True
S4B_023,ALI_00651,online_stream_inference,dynamic_workload,"Deploy a high-priority online inference workload of type unknown as an edge stream task. The workload requests 0.06 GPU units and has observed duration 8.40 hours. Evaluate resource availability, latency risk, scheduling delay, and requirements: low_latency, priority_awareness.",,latency_critical_offloading,online_stream_inference;dynamic_workload;low_latency;priority_awareness,latency;priority,A3;A1;A4,A3,A1;A2;A3;A4,A5,C1:0.4699;C2:0.4299;C3:0.5883;C4:0.4543;C5:0.3378,True
S4B_024,ALI_00147,computer_vision_stream,unseen_task,"Deploy a high-priority online inference workload of type cv as an edge stream task. The workload requests 0.07 GPU units and has observed duration 360.00 hours. Evaluate resource availability, latency risk, scheduling delay, and requirements: high_bandwidth, low_latency, priority_awareness.",long-running stream workload may reduce future resource stability,latency_critical_offloading,computer_vision_stream;unseen_task;high_bandwidth;low_latency;priority_awareness,latency;bandwidth;priority,A3,A3,A3,A1;A2;A4;A5,C1:0.4093;C2:0.4101;C3:0.4848;C4:0.3843;C5:0.3181,True
S4B_025,ALI_00167,computer_vision_stream,conflict_resolution,"Deploy a high-priority online inference workload of type cv as an edge stream task. The workload requests 0.31 GPU units and has observed duration 6.12 hours. Evaluate resource availability, latency risk, scheduling delay, and requirements: conflict_awareness, high_bandwidth, low_latency, priority_awareness, resource_reservation.",high scheduling delay or readiness failure indicates resource contention;negative ready delay indicates missing or abnormal readiness information,conflict_aware_offloading,computer_vision_stream;conflict_resolution;conflict_awareness;high_bandwidth;low_latency;priority_awareness;resource_reservation,latency;bandwidth;conflict;priority,A3;A4;A2,A3,A2;A3;A4,A1;A5,C1:0.2615;C2:0.3015;C3:0.4149;C4:0.326;C5:0.1295,True
S4B_026,ALI_00830,generative_ai_stream_inference,dynamic_workload,"Deploy a high-priority unknown workload of type genai as an edge stream task. The workload requests 0.19 GPU units and has observed duration 3.33 hours. Evaluate resource availability, latency risk, scheduling delay, and requirements: genai_acceleration, low_latency, priority_awareness.",,latency_critical_offloading,generative_ai_stream_inference;dynamic_workload;genai_acceleration;low_latency;priority_awareness,latency;gpu;priority,A3;A1,A3,A1;A3,A2;A4;A5,C1:0.465;C2:0.4249;C3:0.5832;C4:0.4944;C5:0.3203,True
S4B_027,ALI_00156,computer_vision_stream,unseen_task,"Deploy a high-priority online inference workload of type cv as an edge stream task. The workload requests 0.07 GPU units and has observed duration 23.92 hours. Evaluate resource availability, latency risk, scheduling delay, and requirements: high_bandwidth, low_latency, priority_awareness.",,latency_critical_offloading,computer_vision_stream;unseen_task;high_bandwidth;low_latency;priority_awareness,latency;bandwidth;priority,A3,A3,A3,A1;A2;A4;A5,C1:0.5198;C2:0.4986;C3:0.6648;C4:0.508;C5:0.4066,True
S4B_028,ALI_00201,recommendation_stream,conflict_resolution,"Deploy a high-priority training workload of type rec as an edge stream task. The workload requests 0.50 GPU units and has observed duration 24.00 hours. Evaluate resource availability, latency risk, scheduling delay, and requirements: conflict_awareness, low_latency, priority_awareness, resource_reservation, user_profile_awareness.",high scheduling delay or readiness failure indicates resource contention,conflict_aware_offloading,recommendation_stream;conflict_resolution;conflict_awareness;low_latency;priority_awareness;resource_reservation;user_profile_awareness,latency;conflict;priority,A3,A3,A3,A1;A2;A4;A5,C1:0.3004;C2:0.3403;C3:0.499;C4:0.3648;C5:0.1432,True
S4B_029,ALI_00986,online_stream_inference,dynamic_workload,"Deploy a high-priority online inference workload of type unknown as an edge stream task. The workload requests 0.06 GPU units and has observed duration 7.86 hours. Evaluate resource availability, latency risk, scheduling delay, and requirements: low_latency, priority_awareness.",,latency_critical_offloading,online_stream_inference;dynamic_workload;low_latency;priority_awareness,latency;priority,A3;A1;A4,A3,A1;A2;A3;A4,A5,C1:0.5129;C2:0.4728;C3:0.6312;C4:0.4973;C5:0.3682,True
S4B_030,ALI_00199,computer_vision_stream,unseen_task,"Deploy a high-priority online inference workload of type cv as an edge stream task. The workload requests 0.07 GPU units and has observed duration 23.96 hours. Evaluate resource availability, latency risk, scheduling delay, and requirements: high_bandwidth, low_latency, priority_awareness.",,latency_critical_offloading,computer_vision_stream;unseen_task;high_bandwidth;low_latency;priority_awareness,latency;bandwidth;priority,A3,A3,A3,A1;A2;A4;A5,C1:0.4318;C2:0.4326;C3:0.546;C4:0.4518;C5:0.3856,True
S4B_031,ALI_00204,computer_vision_stream,conflict_resolution,"Deploy a high-priority online inference workload of type cv as an edge stream task. The workload requests 0.11 GPU units and has observed duration 0.54 hours. Evaluate resource availability, latency risk, scheduling delay, and requirements: conflict_awareness, high_bandwidth, low_latency, priority_awareness, resource_reservation.",high scheduling delay or readiness failure indicates resource contention;negative ready delay indicates missing or abnormal readiness information,conflict_aware_offloading,computer_vision_stream;conflict_resolution;conflict_awareness;high_bandwidth;low_latency;priority_awareness;resource_reservation,latency;bandwidth;conflict;priority,A3;A4;A2,A3,A2;A3;A4,A1;A5,C1:0.4668;C2:0.5067;C3:0.665;C4:0.5762;C5:0.3546,True
S4B_032,ALI_00207,computer_vision_stream,unseen_task,"Deploy a high-priority online inference workload of type cv as an edge stream task. The workload requests 0.07 GPU units and has observed duration 23.93 hours. Evaluate resource availability, latency risk, scheduling delay, and requirements: high_bandwidth, low_latency, priority_awareness.",,latency_critical_offloading,computer_vision_stream;unseen_task;high_bandwidth;low_latency;priority_awareness,latency;bandwidth;priority,A3,A3,A3,A1;A2;A4;A5,C1:0.4155;C2:0.4163;C3:0.4848;C4:0.3905;C5:0.3243,True
S4B_033,ALI_00227,computer_vision_stream,conflict_resolution,"Deploy a lower-priority online inference workload of type cv as an edge stream task. The workload requests 0.11 GPU units and has observed duration 1.03 hours. Evaluate resource availability, latency risk, scheduling delay, and requirements: conflict_awareness, high_bandwidth, resource_reservation.",high scheduling delay or readiness failure indicates resource contention,conflict_aware_offloading,computer_vision_stream;conflict_resolution;conflict_awareness;high_bandwidth;resource_reservation,bandwidth;conflict,A3;A4;A2,A3,A2;A3;A4,A1;A5,C1:0.3372;C2:0.3823;C3:0.4768;C4:0.4005;C5:0.1883,True
S4B_034,ALI_00237,computer_vision_stream,unseen_task,"Deploy a high-priority online inference workload of type cv as an edge stream task. The workload requests 0.07 GPU units and has observed duration 23.95 hours. Evaluate resource availability, latency risk, scheduling delay, and requirements: high_bandwidth, low_latency, priority_awareness.",,latency_critical_offloading,computer_vision_stream;unseen_task;high_bandwidth;low_latency;priority_awareness,latency;bandwidth;priority,A3,A3,A3,A1;A2;A4;A5,C1:0.4376;C2:0.434;C3:0.5376;C4:0.4258;C5:0.342,True
S4B_035,ALI_00281,computer_vision_stream,conflict_resolution,"Deploy a high-priority online inference workload of type cv as an edge stream task. The workload requests 0.11 GPU units and has observed duration 5.64 hours. Evaluate resource availability, latency risk, scheduling delay, and requirements: conflict_awareness, high_bandwidth, low_latency, priority_awareness, resource_reservation.",high scheduling delay or readiness failure indicates resource contention;negative ready delay indicates missing or abnormal readiness information,conflict_aware_offloading,computer_vision_stream;conflict_resolution;conflict_awareness;high_bandwidth;low_latency;priority_awareness;resource_reservation,latency;bandwidth;conflict;priority,A3;A4;A2,A3,A2;A3;A4,A1;A5,C1:0.3553;C2:0.3952;C3:0.5536;C4:0.4197;C5:0.1981,True
S4B_036,ALI_00242,computer_vision_stream,unseen_task,"Deploy a high-priority online inference workload of type cv as an edge stream task. The workload requests 0.11 GPU units and has observed duration 1.31 hours. Evaluate resource availability, latency risk, scheduling delay, and requirements: high_bandwidth, low_latency, priority_awareness.",,latency_critical_offloading,computer_vision_stream;unseen_task;high_bandwidth;low_latency;priority_awareness,latency;bandwidth;priority,A3,A3,A3,A1;A2;A4;A5,C1:0.4344;C2:0.4352;C3:0.5208;C4:0.4094;C5:0.3432,True
S4B_037,ALI_00284,computer_vision_stream,conflict_resolution,"Deploy a high-priority online inference workload of type cv as an edge stream task. The workload requests 0.07 GPU units and has observed duration 1.43 hours. Evaluate resource availability, latency risk, scheduling delay, and requirements: conflict_awareness, high_bandwidth, low_latency, priority_awareness, resource_reservation.",high scheduling delay or readiness failure indicates resource contention;negative ready delay indicates missing or abnormal readiness information,conflict_aware_offloading,computer_vision_stream;conflict_resolution;conflict_awareness;high_bandwidth;low_latency;priority_awareness;resource_reservation,latency;bandwidth;conflict;priority,A3;A4;A2,A3,A2;A3;A4,A1;A5,C1:0.4355;C2:0.4755;C3:0.6338;C4:0.545;C5:0.3233,True
S4B_038,ALI_00245,computer_vision_stream,unseen_task,"Deploy a high-priority online inference workload of type cv as an edge stream task. The workload requests 0.07 GPU units and has observed duration 23.96 hours. Evaluate resource availability, latency risk, scheduling delay, and requirements: high_bandwidth, low_latency, priority_awareness.",,latency_critical_offloading,computer_vision_stream;unseen_task;high_bandwidth;low_latency;priority_awareness,latency;bandwidth;priority,A3,A3,A3,A1;A2;A4;A5,C1:0.3764;C2:0.3728;C3:0.5214;C4:0.4096;C5:0.2808,True
S4B_039,ALI_00299,computer_vision_stream,conflict_resolution,"Deploy a high-priority online inference workload of type cv as an edge stream task. The workload requests 0.07 GPU units and has observed duration 23.97 hours. Evaluate resource availability, latency risk, scheduling delay, and requirements: conflict_awareness, high_bandwidth, low_latency, priority_awareness, resource_reservation.",high scheduling delay or readiness failure indicates resource contention,conflict_aware_offloading,computer_vision_stream;conflict_resolution;conflict_awareness;high_bandwidth;low_latency;priority_awareness;resource_reservation,latency;bandwidth;conflict;priority,A3;A4;A2,A3,A2;A3;A4,A1;A5,C1:0.3061;C2:0.3461;C3:0.5048;C4:0.4156;C5:0.2191,True
S4B_040,ALI_00262,computer_vision_stream,unseen_task,"Deploy a high-priority online inference workload of type cv as an edge stream task. The workload requests 0.07 GPU units and has observed duration 23.86 hours. Evaluate resource availability, latency risk, scheduling delay, and requirements: high_bandwidth, low_latency, priority_awareness.",,latency_critical_offloading,computer_vision_stream;unseen_task;high_bandwidth;low_latency;priority_awareness,latency;bandwidth;priority,A3,A3,A3,A1;A2;A4;A5,C1:0.4028;C2:0.4036;C3:0.4896;C4:0.3778;C5:0.3116,True
S4B_041,ALI_00338,computer_vision_stream,conflict_resolution,"Deploy a high-priority online inference workload of type cv as an edge stream task. The workload requests 0.07 GPU units and has observed duration 23.98 hours. Evaluate resource availability, latency risk, scheduling delay, and requirements: conflict_awareness, high_bandwidth, low_latency, priority_awareness, resource_reservation.",high scheduling delay or readiness failure indicates resource contention,conflict_aware_offloading,computer_vision_stream;conflict_resolution;conflict_awareness;high_bandwidth;low_latency;priority_awareness;resource_reservation,latency;bandwidth;conflict;priority,A3;A4;A2,A3,A2;A3;A4,A1;A5,C1:0.4282;C2:0.4232;C3:0.5819;C4:0.4927;C5:0.2836,True
S4B_042,ALI_00288,computer_vision_stream,unseen_task,"Deploy a lower-priority online inference workload of type cv as an edge stream task. The workload requests 0.11 GPU units and has observed duration 0.30 hours. Evaluate resource availability, latency risk, scheduling delay, and requirements: high_bandwidth.",,bandwidth_aware_offloading,computer_vision_stream;unseen_task;high_bandwidth,bandwidth,A3;A1;A4,A3,A1;A2;A3;A4;A5,NONE,C1:0.6623;C2:0.6002;C3:0.693;C4:0.6414;C5:0.5422,True
S4B_043,ALI_00350,computer_vision_stream,conflict_resolution,"Deploy a lower-priority online inference workload of type cv as an edge stream task. The workload requests 0.11 GPU units and has observed duration 0.23 hours. Evaluate resource availability, latency risk, scheduling delay, and requirements: conflict_awareness, high_bandwidth, resource_reservation.",high scheduling delay or readiness failure indicates resource contention,conflict_aware_offloading,computer_vision_stream;conflict_resolution;conflict_awareness;high_bandwidth;resource_reservation,bandwidth;conflict,A3;A4;A2,A3,A2;A3;A4,A1;A5,C1:0.4106;C2:0.4557;C3:0.5952;C4:0.5189;C5:0.2617,True
S4B_044,ALI_00296,computer_vision_stream,unseen_task,"Deploy a high-priority online inference workload of type cv as an edge stream task. The workload requests 0.07 GPU units and has observed duration 23.97 hours. Evaluate resource availability, latency risk, scheduling delay, and requirements: high_bandwidth, low_latency, priority_awareness.",,latency_critical_offloading,computer_vision_stream;unseen_task;high_bandwidth;low_latency;priority_awareness,latency;bandwidth;priority,A3,A3,A3,A1;A2;A4;A5,C1:0.4766;C2:0.4554;C3:0.6216;C4:0.4648;C5:0.3634,True
S4B_045,ALI_00372,recommendation_stream,conflict_resolution,"Deploy a high-priority training workload of type rec as an edge stream task. The workload requests 0.50 GPU units and has observed duration 31.21 hours. Evaluate resource availability, latency risk, scheduling delay, and requirements: conflict_awareness, low_latency, priority_awareness, resource_reservation, user_profile_awareness.",high scheduling delay or readiness failure indicates resource contention,conflict_aware_offloading,recommendation_stream;conflict_resolution;conflict_awareness;low_latency;priority_awareness;resource_reservation;user_profile_awareness,latency;conflict;priority,A3;A4;A2,A3,A2;A3;A4,A1;A5,C1:0.3953;C2:0.4353;C3:0.5491;C4:0.4597;C5:0.2381,True
S4B_046,ALI_00324,recommendation_stream,unseen_task,"Deploy a high-priority training workload of type rec as an edge stream task. The workload requests 0.50 GPU units and has observed duration 29.11 hours. Evaluate resource availability, latency risk, scheduling delay, and requirements: low_latency, priority_awareness, user_profile_awareness.",,latency_critical_offloading,recommendation_stream;unseen_task;low_latency;priority_awareness;user_profile_awareness,latency;priority,A3,A3,A3,A1;A2;A4;A5,C1:0.3919;C2:0.3707;C3:0.537;C4:0.4251;C5:0.3237,True
S4B_047,ALI_00384,recommendation_stream,conflict_resolution,"Deploy a high-priority training workload of type rec as an edge stream task. The workload requests 0.50 GPU units and has observed duration 12.20 hours. Evaluate resource availability, latency risk, scheduling delay, and requirements: conflict_awareness, low_latency, priority_awareness, resource_reservation, user_profile_awareness.",high scheduling delay or readiness failure indicates resource contention;negative ready delay indicates missing or abnormal readiness information,conflict_aware_offloading,recommendation_stream;conflict_resolution;conflict_awareness;low_latency;priority_awareness;resource_reservation;user_profile_awareness,latency;conflict;priority,A3;A4;A2,A3,A2;A3;A4,A1;A5,C1:0.3687;C2:0.4086;C3:0.5671;C4:0.4781;C5:0.2565,True
S4B_048,ALI_00345,recommendation_stream,unseen_task,"Deploy a lower-priority training workload of type rec as an edge stream task. The workload requests 0.50 GPU units and has observed duration 0.24 hours. Evaluate resource availability, latency risk, scheduling delay, and requirements: user_profile_awareness.",,resource_aware_offloading,recommendation_stream;unseen_task;user_profile_awareness,resource,A3;A4;A1,A3,A1;A3;A4,A2;A5,C1:0.4584;C2:0.4414;C3:0.5341;C4:0.4826;C5:0.3383,True
S4B_049,ALI_00404,computer_vision_stream,conflict_resolution,"Deploy a high-priority online inference workload of type cv as an edge stream task. The workload requests 0.11 GPU units and has observed duration 3.29 hours. Evaluate resource availability, latency risk, scheduling delay, and requirements: conflict_awareness, high_bandwidth, low_latency, priority_awareness, resource_reservation.",high scheduling delay or readiness failure indicates resource contention;negative ready delay indicates missing or abnormal readiness information,conflict_aware_offloading,computer_vision_stream;conflict_resolution;conflict_awareness;high_bandwidth;low_latency;priority_awareness;resource_reservation,latency;bandwidth;conflict;priority,A3;A4;A2,A3,A2;A3;A4,A1;A5,C1:0.4235;C2:0.4635;C3:0.6218;C4:0.5329;C5:0.3113,True
S4B_050,ALI_00346,computer_vision_stream,unseen_task,"Deploy a lower-priority online inference workload of type cv as an edge stream task. The workload requests 0.11 GPU units and has observed duration 0.60 hours. Evaluate resource availability, latency risk, scheduling delay, and requirements: high_bandwidth.",,bandwidth_aware_offloading,computer_vision_stream;unseen_task;high_bandwidth,bandwidth,A3;A1;A2,A3,A1;A2;A3;A4;A5,NONE,C1:0.5293;C2:0.5122;C3:0.605;C4:0.5084;C5:0.4092,True
S4B_051,ALI_00412,computer_vision_stream,conflict_resolution,"Deploy a high-priority online inference workload of type cv as an edge stream task. The workload requests 0.11 GPU units and has observed duration 4.40 hours. Evaluate resource availability, latency risk, scheduling delay, and requirements: conflict_awareness, high_bandwidth, low_latency, priority_awareness, resource_reservation.",high scheduling delay or readiness failure indicates resource contention;negative ready delay indicates missing or abnormal readiness information,conflict_aware_offloading,computer_vision_stream;conflict_resolution;conflict_awareness;high_bandwidth;low_latency;priority_awareness;resource_reservation,latency;bandwidth;conflict;priority,A3;A4;A2,A3,A2;A3;A4,A1;A5,C1:0.4073;C2:0.4472;C3:0.5606;C4:0.4717;C5:0.2501,True
S4B_052,ALI_00349,computer_vision_stream,unseen_task,"Deploy a high-priority online inference workload of type cv as an edge stream task. The workload requests 0.07 GPU units and has observed duration 23.98 hours. Evaluate resource availability, latency risk, scheduling delay, and requirements: high_bandwidth, low_latency, priority_awareness.",,latency_critical_offloading,computer_vision_stream;unseen_task;high_bandwidth;low_latency;priority_awareness,latency;bandwidth;priority,A3,A3,A3,A1;A2;A4;A5,C1:0.4538;C2:0.4502;C3:0.5988;C4:0.487;C5:0.4032,True
S4B_053,ALI_00449,computer_vision_stream,conflict_resolution,"Deploy a high-priority online inference workload of type cv as an edge stream task. The workload requests 0.11 GPU units and has observed duration 3.68 hours. Evaluate resource availability, latency risk, scheduling delay, and requirements: conflict_awareness, high_bandwidth, low_latency, priority_awareness, resource_reservation.",high scheduling delay or readiness failure indicates resource contention;negative ready delay indicates missing or abnormal readiness information,conflict_aware_offloading,computer_vision_stream;conflict_resolution;conflict_awareness;high_bandwidth;low_latency;priority_awareness;resource_reservation,latency;bandwidth;conflict;priority,A3;A4;A2,A3,A2;A3;A4,A1;A5,C1:0.3373;C2:0.3772;C3:0.5356;C4:0.4467;C5:0.2251,True
S4B_054,ALI_00357,computer_vision_stream,unseen_task,"Deploy a high-priority online inference workload of type cv as an edge stream task. The workload requests 0.07 GPU units and has observed duration 23.99 hours. Evaluate resource availability, latency risk, scheduling delay, and requirements: high_bandwidth, low_latency, priority_awareness.",,latency_critical_offloading,computer_vision_stream;unseen_task;high_bandwidth;low_latency;priority_awareness,latency;bandwidth;priority,A3,A3,A3,A1;A2;A4;A5,C1:0.4376;C2:0.434;C3:0.5376;C4:0.4258;C5:0.342,True
S4B_055,ALI_00455,online_stream_inference,conflict_resolution,"Deploy a high-priority online inference workload of type unknown as an edge stream task. The workload requests 0.06 GPU units and has observed duration 6.61 hours. Evaluate resource availability, latency risk, scheduling delay, and requirements: conflict_awareness, low_latency, priority_awareness, resource_reservation.",high scheduling delay or readiness failure indicates resource contention;negative ready delay indicates missing or abnormal readiness information,conflict_aware_offloading,online_stream_inference;conflict_resolution;conflict_awareness;low_latency;priority_awareness;resource_reservation,latency;conflict;priority,A3;A4;A2,A3,A2;A3;A4,A1;A5,C1:0.3377;C2:0.3777;C3:0.5361;C4:0.4472;C5:0.2057,True
S4B_056,ALI_00365,computer_vision_stream,unseen_task,"Deploy a high-priority online inference workload of type cv as an edge stream task. The workload requests 0.07 GPU units and has observed duration 121.43 hours. Evaluate resource availability, latency risk, scheduling delay, and requirements: high_bandwidth, low_latency, priority_awareness.",,latency_critical_offloading,computer_vision_stream;unseen_task;high_bandwidth;low_latency;priority_awareness,latency;bandwidth;priority,A3,A3,A3,A1;A2;A4;A5,C1:0.3746;C2:0.371;C3:0.5214;C4:0.4078;C5:0.279,True
S4B_057,ALI_00459,computer_vision_stream,conflict_resolution,"Deploy a high-priority online inference workload of type cv as an edge stream task. The workload requests 0.11 GPU units and has observed duration 1.32 hours. Evaluate resource availability, latency risk, scheduling delay, and requirements: conflict_awareness, high_bandwidth, low_latency, priority_awareness, resource_reservation.",high scheduling delay or readiness failure indicates resource contention;negative ready delay indicates missing or abnormal readiness information,conflict_aware_offloading,computer_vision_stream;conflict_resolution;conflict_awareness;high_bandwidth;low_latency;priority_awareness;resource_reservation,latency;bandwidth;conflict;priority,A3;A4;A2,A3,A2;A3;A4,A1;A5,C1:0.3378;C2:0.3778;C3:0.5361;C4:0.4473;C5:0.2508,True
S4B_058,ALI_00407,computer_vision_stream,unseen_task,"Deploy a high-priority online inference workload of type cv as an edge stream task. The workload requests 0.07 GPU units and has observed duration 23.99 hours. Evaluate resource availability, latency risk, scheduling delay, and requirements: high_bandwidth, low_latency, priority_awareness.",,latency_critical_offloading,computer_vision_stream;unseen_task;high_bandwidth;low_latency;priority_awareness,latency;bandwidth;priority,A3,A3,A3,A1;A2;A4;A5,C1:0.3724;C2:0.3732;C3:0.4416;C4:0.3474;C5:0.2812,True
S4B_059,ALI_00461,computer_vision_stream,conflict_resolution,"Deploy a high-priority online inference workload of type cv as an edge stream task. The workload requests 0.11 GPU units and has observed duration 1.09 hours. Evaluate resource availability, latency risk, scheduling delay, and requirements: conflict_awareness, high_bandwidth, low_latency, priority_awareness, resource_reservation.",high scheduling delay or readiness failure indicates resource contention;negative ready delay indicates missing or abnormal readiness information,conflict_aware_offloading,computer_vision_stream;conflict_resolution;conflict_awareness;high_bandwidth;low_latency;priority_awareness;resource_reservation,latency;bandwidth;conflict;priority,A3;A4;A2,A3,A2;A3;A4,A1;A5,C1:0.3554;C2:0.3953;C3:0.5536;C4:0.4198;C5:0.1982,True
S4B_060,ALI_00417,recommendation_stream,unseen_task,"Deploy a high-priority online inference workload of type rec as an edge stream task. The workload requests 0.50 GPU units and has observed duration 64.88 hours. Evaluate resource availability, latency risk, scheduling delay, and requirements: low_latency, priority_awareness, user_profile_awareness.",,latency_critical_offloading,recommendation_stream;unseen_task;low_latency;priority_awareness;user_profile_awareness,latency;priority,A3,A3,A3,A1;A2;A4;A5,C1:0.327;C2:0.3234;C3:0.4278;C4:0.3152;C5:0.2314,True
S4B_061,ALI_00002,generative_ai_stream_inference,conflict_resolution,"Deploy a lower-priority offline inference workload of type genai as an edge stream task. The workload requests 1.00 GPU units and has observed duration 0.66 hours. Evaluate resource availability, latency risk, scheduling delay, and requirements: conflict_awareness, genai_acceleration, resource_reservation.",high scheduling delay or readiness failure indicates resource contention;negative ready delay indicates missing or abnormal readiness information,conflict_aware_offloading,generative_ai_stream_inference;conflict_resolution;conflict_awareness;genai_acceleration;resource_reservation,gpu;conflict,NONE,NONE,NONE,A1;A2;A3;A4;A5,C1:0.1808;C2:0.2259;C3:0.3204;C4:0.2441;C5:0.0319,False
S4B_062,ALI_00006,generative_ai_stream_inference,data_drift,"Deploy a lower-priority offline inference workload of type genai as an edge stream task. The workload requests 1.00 GPU units and has observed duration 1.37 hours. Evaluate resource availability, latency risk, scheduling delay, and requirements: drift_awareness, genai_acceleration.",lower-urgency stream analytics may hide delayed workload bursts,drift_aware_offloading,generative_ai_stream_inference;data_drift;drift_awareness;genai_acceleration,gpu;drift,NONE,NONE,NONE,A1;A2;A3;A4;A5,C1:0.2879;C2:0.2708;C3:0.4436;C4:0.347;C5:0.2478,False
S4B_063,ALI_00003,generative_ai_stream_inference,dynamic_workload,"Deploy a high-priority online inference workload of type genai as an edge stream task. The workload requests 1.00 GPU units and has observed duration 408.00 hours. Evaluate resource availability, latency risk, scheduling delay, and requirements: genai_acceleration, low_latency, priority_awareness.",long-running stream workload may reduce future resource stability,latency_critical_offloading,generative_ai_stream_inference;dynamic_workload;genai_acceleration;low_latency;priority_awareness,latency;gpu;priority,NONE,NONE,NONE,A1;A2;A3;A4;A5,C1:0.1985;C2:0.1135;C3:0.2793;C4:0.1829;C5:0.0665,False
S4B_064,ALI_00008,recommendation_stream,unseen_task,"Deploy a high-priority online inference workload of type rec as an edge stream task. The workload requests 1.00 GPU units and has observed duration 1631.97 hours. Evaluate resource availability, latency risk, scheduling delay, and requirements: low_latency, priority_awareness, user_profile_awareness.",long-running stream workload may reduce future resource stability;negative ready delay indicates missing or abnormal readiness information,latency_critical_offloading,recommendation_stream;unseen_task;low_latency;priority_awareness;user_profile_awareness,latency;priority,NONE,NONE,NONE,A1;A2;A3;A4;A5,C1:0.205;C2:0.1388;C3:0.3127;C4:0.1932;C5:0.0918,False
S4B_065,ALI_00004,generative_ai_stream_inference,conflict_resolution,"Deploy a high-priority online inference workload of type genai as an edge stream task. The workload requests 1.00 GPU units and has observed duration 764.36 hours. Evaluate resource availability, latency risk, scheduling delay, and requirements: conflict_awareness, genai_acceleration, low_latency, priority_awareness, resource_reservation.",high scheduling delay or readiness failure indicates resource contention;long-running stream workload may reduce future resource stability;negative ready delay indicates missing or abnormal readiness information,conflict_aware_offloading,generative_ai_stream_inference;conflict_resolution;conflict_awareness;genai_acceleration;low_latency;priority_awareness;resource_reservation,latency;gpu;conflict;priority,NONE,NONE,NONE,A1;A2;A3;A4;A5,C1:0.1184;C2:0.1583;C3:0.3247;C4:0.2278;C5:0.0062,False
S4B_066,ALI_00020,generative_ai_stream_inference,data_drift,"Deploy a lower-priority offline inference workload of type genai as an edge stream task. The workload requests 1.00 GPU units and has observed duration 8.92 hours. Evaluate resource availability, latency risk, scheduling delay, and requirements: drift_awareness, genai_acceleration.",lower-urgency stream analytics may hide delayed workload bursts,drift_aware_offloading,generative_ai_stream_inference;data_drift;drift_awareness;genai_acceleration,gpu;drift,NONE,NONE,NONE,A1;A2;A3;A4;A5,C1:0.2642;C2:0.2471;C3:0.4198;C4:0.3683;C5:0.2241,False
S4B_067,ALI_00047,generative_ai_stream_inference,dynamic_workload,"Deploy a high-priority online inference workload of type genai as an edge stream task. The workload requests 1.00 GPU units and has observed duration 307.57 hours. Evaluate resource availability, latency risk, scheduling delay, and requirements: genai_acceleration, low_latency, priority_awareness.",long-running stream workload may reduce future resource stability;negative ready delay indicates missing or abnormal readiness information,latency_critical_offloading,generative_ai_stream_inference;dynamic_workload;genai_acceleration;low_latency;priority_awareness,latency;gpu;priority,NONE,NONE,NONE,A1;A2;A3;A4;A5,C1:0.1482;C2:0.1081;C3:0.2271;C4:0.1326;C5:0.0161,False
S4B_068,ALI_00011,recommendation_stream,unseen_task,"Deploy a high-priority online inference workload of type rec as an edge stream task. The workload requests 1.00 GPU units and has observed duration 360.00 hours. Evaluate resource availability, latency risk, scheduling delay, and requirements: low_latency, priority_awareness, user_profile_awareness.",long-running stream workload may reduce future resource stability,latency_critical_offloading,recommendation_stream;unseen_task;low_latency;priority_awareness;user_profile_awareness,latency;priority,NONE,NONE,NONE,A1;A2;A3;A4;A5,C1:0.0973;C2:0.0981;C3:0.2178;C4:0.0723;C5:0.0061,False
S4B_069,ALI_00007,generative_ai_stream_inference,conflict_resolution,"Deploy a high-priority online inference workload of type genai as an edge stream task. The workload requests 1.00 GPU units and has observed duration 1223.96 hours. Evaluate resource availability, latency risk, scheduling delay, and requirements: conflict_awareness, genai_acceleration, low_latency, priority_awareness, resource_reservation.",high scheduling delay or readiness failure indicates resource contention;long-running stream workload may reduce future resource stability,conflict_aware_offloading,generative_ai_stream_inference;conflict_resolution;conflict_awareness;genai_acceleration;low_latency;priority_awareness;resource_reservation,latency;gpu;conflict;priority,NONE,NONE,NONE,A1;A2;A3;A4;A5,C1:0.1376;C2:0.1775;C3:0.2989;C4:0.202;C5:0.0055,False
S4B_070,ALI_00033,generative_ai_stream_inference,data_drift,"Deploy a lower-priority offline inference workload of type genai as an edge stream task. The workload requests 1.00 GPU units and has observed duration 0.06 hours. Evaluate resource availability, latency risk, scheduling delay, and requirements: drift_awareness, genai_acceleration.",lower-urgency stream analytics may hide delayed workload bursts,drift_aware_offloading,generative_ai_stream_inference;data_drift;drift_awareness;genai_acceleration,gpu;drift,NONE,NONE,NONE,A1;A2;A3;A4;A5,C1:0.2554;C2:0.1934;C3:0.3661;C4:0.3145;C5:0.2154,False
S4B_071,ALI_00048,generative_ai_stream_inference,dynamic_workload,"Deploy a high-priority online inference workload of type genai as an edge stream task. The workload requests 1.00 GPU units and has observed duration 291.61 hours. Evaluate resource availability, latency risk, scheduling delay, and requirements: genai_acceleration, low_latency, priority_awareness.",,latency_critical_offloading,generative_ai_stream_inference;dynamic_workload;genai_acceleration;low_latency;priority_awareness,latency;gpu;priority,NONE,NONE,NONE,A1;A2;A3;A4;A5,C1:0.3296;C2:0.2445;C3:0.4082;C4:0.314;C5:0.1724,False
S4B_072,ALI_00012,recommendation_stream,unseen_task,"Deploy a high-priority online inference workload of type rec as an edge stream task. The workload requests 1.00 GPU units and has observed duration 568.99 hours. Evaluate resource availability, latency risk, scheduling delay, and requirements: low_latency, priority_awareness, user_profile_awareness.",long-running stream workload may reduce future resource stability,latency_critical_offloading,recommendation_stream;unseen_task;low_latency;priority_awareness;user_profile_awareness,latency;priority,NONE,NONE,NONE,A1;A2;A3;A4;A5,C1:0.2588;C2:0.2376;C3:0.3665;C4:0.247;C5:0.1456,False
S4B_073,ALI_00009,recommendation_stream,conflict_resolution,"Deploy a high-priority online inference workload of type rec as an edge stream task. The workload requests 1.00 GPU units and has observed duration 545.99 hours. Evaluate resource availability, latency risk, scheduling delay, and requirements: conflict_awareness, low_latency, priority_awareness, resource_reservation, user_profile_awareness.",high scheduling delay or readiness failure indicates resource contention;long-running stream workload may reduce future resource stability;negative ready delay indicates missing or abnormal readiness information,conflict_aware_offloading,recommendation_stream;conflict_resolution;conflict_awareness;low_latency;priority_awareness;resource_reservation;user_profile_awareness,latency;conflict;priority,NONE,NONE,NONE,A1;A2;A3;A4;A5,C1:0.1226;C2:0.1626;C3:0.3289;C4:0.2321;C5:0.0104,False
S4B_074,ALI_00061,generative_ai_stream_inference,data_drift,"Deploy a lower-priority offline inference workload of type genai as an edge stream task. The workload requests 1.00 GPU units and has observed duration 1.39 hours. Evaluate resource availability, latency risk, scheduling delay, and requirements: drift_awareness, genai_acceleration.",lower-urgency stream analytics may hide delayed workload bursts,drift_aware_offloading,generative_ai_stream_inference;data_drift;drift_awareness;genai_acceleration,gpu;drift,NONE,NONE,NONE,A1;A2;A3;A4;A5,C1:0.2806;C2:0.2635;C3:0.4362;C4:0.3397;C5:0.2405,False
S4B_075,ALI_00051,generative_ai_stream_inference,dynamic_workload,"Deploy a high-priority training workload of type genai as an edge stream task. The workload requests 8.00 GPU units and has observed duration 394.77 hours. Evaluate resource availability, latency risk, scheduling delay, and requirements: genai_acceleration, low_latency, priority_awareness.",long-running stream workload may reduce future resource stability,latency_critical_offloading,generative_ai_stream_inference;dynamic_workload;genai_acceleration;low_latency;priority_awareness,latency;gpu;priority,NONE,NONE,NONE,A1;A2;A3;A4;A5,C1:0.1808;C2:0.1407;C3:0.3063;C4:0.1652;C5:0.0487,False
S4B_076,ALI_00014,computer_vision_stream,unseen_task,"Deploy a high-priority online inference workload of type cv as an edge stream task. The workload requests 1.00 GPU units and has observed duration 139.59 hours. Evaluate resource availability, latency risk, scheduling delay, and requirements: high_bandwidth, low_latency, priority_awareness.",negative ready delay indicates missing or abnormal readiness information,latency_critical_offloading,computer_vision_stream;unseen_task;high_bandwidth;low_latency;priority_awareness,latency;bandwidth;priority,NONE,NONE,NONE,A1;A2;A3;A4;A5,C1:0.1378;C2:0.1386;C3:0.2718;C4:0.1578;C5:0.0916,False
S4B_077,ALI_00010,generative_ai_stream_inference,conflict_resolution,"Deploy a lower-priority offline inference workload of type genai as an edge stream task. The workload requests 1.00 GPU units and has observed duration 0.83 hours. Evaluate resource availability, latency risk, scheduling delay, and requirements: conflict_awareness, genai_acceleration, resource_reservation.",high scheduling delay or readiness failure indicates resource contention;negative ready delay indicates missing or abnormal readiness information,conflict_aware_offloading,generative_ai_stream_inference;conflict_resolution;conflict_awareness;genai_acceleration;resource_reservation,gpu;conflict,NONE,NONE,NONE,A1;A2;A3;A4;A5,C1:0.0106;C2:0.0722;C3:0.1952;C4:0.1189;C5:-0.0998,False
S4B_078,ALI_00077,generative_ai_stream_inference,data_drift,"Deploy a lower-priority offline inference workload of type genai as an edge stream task. The workload requests 1.00 GPU units and has observed duration 6.51 hours. Evaluate resource availability, latency risk, scheduling delay, and requirements: drift_awareness, genai_acceleration.",lower-urgency stream analytics may hide delayed workload bursts,drift_aware_offloading,generative_ai_stream_inference;data_drift;drift_awareness;genai_acceleration,gpu;drift,NONE,NONE,NONE,A1;A2;A3;A4;A5,C1:0.2031;C2:0.186;C3:0.3138;C4:0.2622;C5:0.163,False
S4B_079,ALI_00056,generative_ai_stream_inference,dynamic_workload,"Deploy a high-priority online inference workload of type genai as an edge stream task. The workload requests 1.00 GPU units and has observed duration 1403.08 hours. Evaluate resource availability, latency risk, scheduling delay, and requirements: genai_acceleration, low_latency, priority_awareness.",long-running stream workload may reduce future resource stability;negative ready delay indicates missing or abnormal readiness information,latency_critical_offloading,generative_ai_stream_inference;dynamic_workload;genai_acceleration;low_latency;priority_awareness,latency;gpu;priority,NONE,NONE,NONE,A1;A2;A3;A4;A5,C1:0.2478;C2:0.2078;C3:0.3741;C4:0.2323;C5:0.0906,False
S4B_080,ALI_00015,recommendation_stream,unseen_task,"Deploy a high-priority online inference workload of type rec as an edge stream task. The workload requests 1.00 GPU units and has observed duration 401.00 hours. Evaluate resource availability, latency risk, scheduling delay, and requirements: low_latency, priority_awareness, user_profile_awareness.",long-running stream workload may reduce future resource stability;negative ready delay indicates missing or abnormal readiness information,latency_critical_offloading,recommendation_stream;unseen_task;low_latency;priority_awareness;user_profile_awareness,latency;priority,NONE,NONE,NONE,A1;A2;A3;A4;A5,C1:0.1308;C2:0.1316;C3:0.252;C4:0.1508;C5:0.0396,False
S4B_081,ALI_00016,recommendation_stream,conflict_resolution,"Deploy a high-priority online inference workload of type rec as an edge stream task. The workload requests 1.00 GPU units and has observed duration 571.50 hours. Evaluate resource availability, latency risk, scheduling delay, and requirements: conflict_awareness, low_latency, priority_awareness, resource_reservation, user_profile_awareness.",high scheduling delay or readiness failure indicates resource contention;long-running stream workload may reduce future resource stability;negative ready delay indicates missing or abnormal readiness information,conflict_aware_offloading,recommendation_stream;conflict_resolution;conflict_awareness;low_latency;priority_awareness;resource_reservation;user_profile_awareness,latency;conflict;priority,NONE,NONE,NONE,A1;A2;A3;A4;A5,C1:0.14;C2:0.1799;C3:0.3463;C4:0.2044;C5:-0.0172,False
S4B_082,ALI_00092,generative_ai_stream_inference,data_drift,"Deploy a lower-priority offline inference workload of type genai as an edge stream task. The workload requests 1.00 GPU units and has observed duration 17.74 hours. Evaluate resource availability, latency risk, scheduling delay, and requirements: drift_awareness, genai_acceleration.",lower-urgency stream analytics may hide delayed workload bursts,drift_aware_offloading,generative_ai_stream_inference;data_drift;drift_awareness;genai_acceleration,gpu;drift,NONE,NONE,NONE,A1;A2;A3;A4;A5,C1:0.282;C2:0.2649;C3:0.3927;C4:0.3411;C5:0.2419,False
S4B_083,ALI_00071,online_stream_inference,dynamic_workload,"Deploy a high-priority online inference workload of type unknown as an edge stream task. The workload requests 1.00 GPU units and has observed duration 1433.58 hours. Evaluate resource availability, latency risk, scheduling delay, and requirements: low_latency, priority_awareness.",long-running stream workload may reduce future resource stability,latency_critical_offloading,online_stream_inference;dynamic_workload;low_latency;priority_awareness,latency;priority,NONE,NONE,NONE,A1;A2;A3;A4;A5,C1:0.1184;C2:0.0783;C3:0.2447;C4:0.1028;C5:-0.0137,False
S4B_084,ALI_00019,recommendation_stream,unseen_task,"Deploy a high-priority online inference workload of type rec as an edge stream task. The workload requests 1.00 GPU units and has observed duration 504.19 hours. Evaluate resource availability, latency risk, scheduling delay, and requirements: low_latency, priority_awareness, user_profile_awareness.",long-running stream workload may reduce future resource stability,latency_critical_offloading,recommendation_stream;unseen_task;low_latency;priority_awareness;user_profile_awareness,latency;priority,NONE,NONE,NONE,A1;A2;A3;A4;A5,C1:0.163;C2:0.1638;C3:0.2849;C4:0.183;C5:0.1168,False
S4B_085,ALI_00017,online_stream_inference,conflict_resolution,"Deploy a high-priority online inference workload of type unknown as an edge stream task. The workload requests 1.00 GPU units and has observed duration 1703.98 hours. Evaluate resource availability, latency risk, scheduling delay, and requirements: conflict_awareness, low_latency, priority_awareness, resource_reservation.",high scheduling delay or readiness failure indicates resource contention;long-running stream workload may reduce future resource stability;negative ready delay indicates missing or abnormal readiness information,conflict_aware_offloading,online_stream_inference;conflict_resolution;conflict_awareness;low_latency;priority_awareness;resource_reservation,latency;conflict;priority,NONE,NONE,NONE,A1;A2;A3;A4;A5,C1:0.085;C2:0.125;C3:0.2463;C4:0.1495;C5:-0.0722,False
S4B_086,ALI_00094,generative_ai_stream_inference,data_drift,"Deploy a lower-priority offline inference workload of type genai as an edge stream task. The workload requests 1.00 GPU units and has observed duration 0.11 hours. Evaluate resource availability, latency risk, scheduling delay, and requirements: drift_awareness, genai_acceleration.",lower-urgency stream analytics may hide delayed workload bursts,drift_aware_offloading,generative_ai_stream_inference;data_drift;drift_awareness;genai_acceleration,gpu;drift,NONE,NONE,NONE,A1;A2;A3;A4;A5,C1:0.1835;C2:0.1664;C3:0.3392;C4:0.2877;C5:0.1885,False
S4B_087,ALI_00073,generative_ai_stream_inference,dynamic_workload,"Deploy a high-priority online inference workload of type genai as an edge stream task. The workload requests 1.00 GPU units and has observed duration 239.99 hours. Evaluate resource availability, latency risk, scheduling delay, and requirements: genai_acceleration, low_latency, priority_awareness.",negative ready delay indicates missing or abnormal readiness information,latency_critical_offloading,generative_ai_stream_inference;dynamic_workload;genai_acceleration;low_latency;priority_awareness,latency;gpu;priority,NONE,NONE,NONE,A1;A2;A3;A4;A5,C1:0.2876;C2:0.2025;C3:0.3652;C4:0.272;C5:0.1304,False
S4B_088,ALI_00021,recommendation_stream,unseen_task,"Deploy a high-priority online inference workload of type rec as an edge stream task. The workload requests 1.00 GPU units and has observed duration 659.13 hours. Evaluate resource availability, latency risk, scheduling delay, and requirements: low_latency, priority_awareness, user_profile_awareness.",long-running stream workload may reduce future resource stability;negative ready delay indicates missing or abnormal readiness information,latency_critical_offloading,recommendation_stream;unseen_task;low_latency;priority_awareness;user_profile_awareness,latency;priority,NONE,NONE,NONE,A1;A2;A3;A4;A5,C1:0.157;C2:0.1534;C3:0.3097;C4:0.1452;C5:0.0614,False
S4B_089,ALI_00018,recommendation_stream,conflict_resolution,"Deploy a high-priority online inference workload of type rec as an edge stream task. The workload requests 1.00 GPU units and has observed duration 1072.23 hours. Evaluate resource availability, latency risk, scheduling delay, and requirements: conflict_awareness, low_latency, priority_awareness, resource_reservation, user_profile_awareness.",high scheduling delay or readiness failure indicates resource contention;long-running stream workload may reduce future resource stability;negative ready delay indicates missing or abnormal readiness information,conflict_aware_offloading,recommendation_stream;conflict_resolution;conflict_awareness;low_latency;priority_awareness;resource_reservation;user_profile_awareness,latency;conflict;priority,NONE,NONE,NONE,A1;A2;A3;A4;A5,C1:0.1922;C2:0.1871;C3:0.3535;C4:0.2566;C5:0.0475,False
S4B_090,ALI_00099,generative_ai_stream_inference,data_drift,"Deploy a lower-priority offline inference workload of type genai as an edge stream task. The workload requests 1.00 GPU units and has observed duration 0.01 hours. Evaluate resource availability, latency risk, scheduling delay, and requirements: drift_awareness, genai_acceleration.",lower-urgency stream analytics may hide delayed workload bursts,drift_aware_offloading,generative_ai_stream_inference;data_drift;drift_awareness;genai_acceleration,gpu;drift,NONE,NONE,NONE,A1;A2;A3;A4;A5,C1:0.1908;C2:0.1738;C3:0.3465;C4:0.2949;C5:0.1957,False
S4B_091,ALI_00081,generative_ai_stream_inference,dynamic_workload,"Deploy a high-priority online inference workload of type genai as an edge stream task. The workload requests 2.00 GPU units and has observed duration 273.13 hours. Evaluate resource availability, latency risk, scheduling delay, and requirements: genai_acceleration, low_latency, priority_awareness.",,latency_critical_offloading,generative_ai_stream_inference;dynamic_workload;genai_acceleration;low_latency;priority_awareness,latency;gpu;priority,NONE,NONE,NONE,A1;A2;A3;A4;A5,C1:0.2257;C2:0.1857;C3:0.349;C4:0.2101;C5:0.0685,False
S4B_092,ALI_00023,recommendation_stream,unseen_task,"Deploy a high-priority online inference workload of type rec as an edge stream task. The workload requests 1.00 GPU units and has observed duration 329.00 hours. Evaluate resource availability, latency risk, scheduling delay, and requirements: low_latency, priority_awareness, user_profile_awareness.",long-running stream workload may reduce future resource stability;negative ready delay indicates missing or abnormal readiness information,latency_critical_offloading,recommendation_stream;unseen_task;low_latency;priority_awareness;user_profile_awareness,latency;priority,NONE,NONE,NONE,A1;A2;A3;A4;A5,C1:0.1159;C2:0.0717;C3:0.1908;C4:0.0909;C5:0.0247,False
S4B_093,ALI_00022,generative_ai_stream_inference,conflict_resolution,"Deploy a lower-priority offline inference workload of type genai as an edge stream task. The workload requests 1.00 GPU units and has observed duration 3.38 hours. Evaluate resource availability, latency risk, scheduling delay, and requirements: conflict_awareness, genai_acceleration, resource_reservation.",high scheduling delay or readiness failure indicates resource contention;negative ready delay indicates missing or abnormal readiness information,conflict_aware_offloading,generative_ai_stream_inference;conflict_resolution;conflict_awareness;genai_acceleration;resource_reservation,gpu;conflict,NONE,NONE,NONE,A1;A2;A3;A4;A5,C1:0.1376;C2:0.1826;C3:0.2771;C4:0.2008;C5:-0.0114,False
S4B_094,ALI_00101,generative_ai_stream_inference,data_drift,"Deploy a lower-priority offline inference workload of type genai as an edge stream task. The workload requests 1.00 GPU units and has observed duration 0.07 hours. Evaluate resource availability, latency risk, scheduling delay, and requirements: drift_awareness, genai_acceleration.",lower-urgency stream analytics may hide delayed workload bursts,drift_aware_offloading,generative_ai_stream_inference;data_drift;drift_awareness;genai_acceleration,gpu;drift,NONE,NONE,NONE,A1;A2;A3;A4;A5,C1:0.1942;C2:0.1772;C3:0.3499;C4:0.2533;C5:0.1542,False
S4B_095,ALI_00090,generative_ai_stream_inference,dynamic_workload,"Deploy a high-priority online inference workload of type genai as an edge stream task. The workload requests 1.00 GPU units and has observed duration 1151.80 hours. Evaluate resource availability, latency risk, scheduling delay, and requirements: genai_acceleration, low_latency, priority_awareness.",long-running stream workload may reduce future resource stability;negative ready delay indicates missing or abnormal readiness information,latency_critical_offloading,generative_ai_stream_inference;dynamic_workload;genai_acceleration;low_latency;priority_awareness,latency;gpu;priority,NONE,NONE,NONE,A1;A2;A3;A4;A5,C1:0.2439;C2:0.2039;C3:0.3702;C4:0.2734;C5:0.0993,False
S4B_096,ALI_00024,recommendation_stream,unseen_task,"Deploy a high-priority online inference workload of type rec as an edge stream task. The workload requests 1.00 GPU units and has observed duration 75.36 hours. Evaluate resource availability, latency risk, scheduling delay, and requirements: low_latency, priority_awareness, user_profile_awareness.",,latency_critical_offloading,recommendation_stream;unseen_task;low_latency;priority_awareness;user_profile_awareness,latency;priority,NONE,NONE,NONE,A1;A2;A3;A4;A5,C1:0.241;C2:0.2198;C3:0.387;C4:0.2742;C5:0.1728,False
S4B_097,ALI_00027,generative_ai_stream_inference,conflict_resolution,"Deploy a lower-priority offline inference workload of type genai as an edge stream task. The workload requests 1.00 GPU units and has observed duration 1.16 hours. Evaluate resource availability, latency risk, scheduling delay, and requirements: conflict_awareness, genai_acceleration, resource_reservation.",high scheduling delay or readiness failure indicates resource contention,conflict_aware_offloading,generative_ai_stream_inference;conflict_resolution;conflict_awareness;genai_acceleration;resource_reservation,gpu;conflict,NONE,NONE,NONE,A1;A2;A3;A4;A5,C1:0.1394;C2:0.1844;C3:0.2789;C4:0.2026;C5:-0.0096,False
S4B_098,ALI_00148,generative_ai_stream_inference,data_drift,"Deploy a lower-priority training workload of type genai as an edge stream task. The workload requests 1.00 GPU units and has observed duration 0.06 hours. Evaluate resource availability, latency risk, scheduling delay, and requirements: drift_awareness, genai_acceleration.",lower-urgency stream analytics may hide delayed workload bursts,drift_aware_offloading,generative_ai_stream_inference;data_drift;drift_awareness;genai_acceleration,gpu;drift,NONE,NONE,NONE,A1;A2;A3;A4;A5,C1:0.2481;C2:0.186;C3:0.3588;C4:0.3072;C5:0.2081,False
S4B_099,ALI_00095,online_stream_inference,dynamic_workload,"Deploy a high-priority online inference workload of type unknown as an edge stream task. The workload requests 1.00 GPU units and has observed duration 503.99 hours. Evaluate resource availability, latency risk, scheduling delay, and requirements: low_latency, priority_awareness.",long-running stream workload may reduce future resource stability,latency_critical_offloading,online_stream_inference;dynamic_workload;low_latency;priority_awareness,latency;priority,NONE,NONE,NONE,A1;A2;A3;A4;A5,C1:0.1265;C2:0.0865;C3:0.2528;C4:0.156;C5:-0.0055,False
S4B_100,ALI_00025,recommendation_stream,unseen_task,"Deploy a high-priority online inference workload of type rec as an edge stream task. The workload requests 1.00 GPU units and has observed duration 1080.00 hours. Evaluate resource availability, latency risk, scheduling delay, and requirements: low_latency, priority_awareness, user_profile_awareness.",long-running stream workload may reduce future resource stability,latency_critical_offloading,recommendation_stream;unseen_task;low_latency;priority_awareness;user_profile_awareness,latency;priority,NONE,NONE,NONE,A1;A2;A3;A4;A5,C1:0.1834;C2:0.1798;C3:0.3361;C4:0.2166;C5:0.0878,False
