strategy,llm_label,case_id,record_id,task_type,scenario_family,expected_cfp_intent,predicted_cfp_intent,cfp_intent_correct,cfp_keyword_coverage,cfp_accuracy,expected_final_host,selected_host_after_negotiation,offloading_correct,negotiation_rounds,responder_action_accuracy,decision_time_ms,prompt_tokens_est,completion_tokens_est,total_tokens_est,generated_cfp_message,raw_initiator_response,responder_transcript
react_few_shot_cot,ollama(llama3),S4B_001,ALI_00005,computer_vision_stream,conflict_resolution,conflict_aware_offloading,conflict_aware_offloading,True,0.1429,0.7429,A3,A3,True,2,0.7500,164130.95,1953,588,2541,I request proposals for a high-priority cv inference workload requiring conflict-aware and priority-aware resource reservation with low latency constraints.,"{ ""cfp_intent"": ""conflict_aware_offloading"", ""cfp_keywords"": [""high_priority"", ""cv_inference"", ""gpu_reservation"", ""low_latency""], ""cfp_message"": ""I request proposals for a high-priority cv inference workload requiring conflict-aware and priority-aware resource reservation with low latency constraints."" }","[{""round_id"": ""1"", ""candidate_agent"": ""A1"", ""expected_action"": ""refuse"", ""predicted_action"": ""accept"", ""responder_action_correct"": ""False"", ""responder_reason"": ""resource_feasible"", ""responder_message"": ""We have sufficient GPU resources to handle the high-priority CV inference workload with conflict-aware and priority-aware resource reservation, ensuring low latency constraints are met.""}, {""round_id"": ""1"", ""candidate_agent"": ""A2"", ""expected_action"": ""accept"", ""predicted_action"": ""accept"", ""responder_action_correct"": ""True"", ""responder_reason"": ""resource_feasible"", ""responder_message"": ""We can efficiently offload the high-priority CV inference workload, utilizing our energy-efficient edge cluster's resources to meet the low latency constraints.""}, {""round_id"": ""1"", ""candidate_agent"": ""A3"", ""expected_action"": ""accept"", ""predicted_action"": ""accept"", ""responder_action_correct"": ""True"", ""responder_reason"": ""resource_feasible"", ""responder_message"": ""Our low_latency_gpu_edge cluster profile is well-suited for this high-priority CV inference workload, and we can allocate the necessary GPU resources to meet the conflict-aware and priority-aware requirements with low latency constraints.""}, {""round_id"": ""1"", ""candidate_agent"": ""A4"", ""expected_action"": ""accept"", ""predicted_action"": ""accept"", ""responder_action_correct"": ""True"", ""responder_reason"": ""resource_feasible"", ""responder_message"": ""We can accept this CFP as our privacy_trusted_edge cluster has sufficient resources to handle the high-priority cv inference workload with conflict-aware and priority-aware resource reservation, ensuring low latency constraints are met.""}, {""round_id"": ""1"", ""candidate_agent"": ""A5"", ""expected_action"": ""refuse"", ""predicted_action"": ""accept"", ""responder_action_correct"": ""False"", ""responder_reason"": ""resource_feasible"", ""responder_message"": ""We can handle the high-priority CV inference workload with conflict-aware and priority-aware resource reservation, ensuring low latency constraints are met.""}, {""round_id"": ""2"", ""candidate_agent"": ""A3"", ""expected_action"": ""accept"", ""predicted_action"": ""accept"", ""responder_action_correct"": ""True"", ""responder_reason"": ""resource_feasible"", ""responder_message"": ""Based on the provided task profile, our low_latency_gpu_edge cluster has sufficient GPU resources (0.31 units) to accommodate the high-priority cv inference workload. We can allocate the required resources and ensure conflict-aware and priority-aware resource reservation with low latency constraints.""}, {""round_id"": ""2"", ""candidate_agent"": ""A4"", ""expected_action"": ""accept"", ""predicted_action"": ""accept"", ""responder_action_correct"": ""True"", ""responder_reason"": ""resource_feasible"", ""responder_message"": ""Based on the provided workload context, our edge cluster profile (privacy_trusted_edge) has sufficient resources to accommodate the requested 0.31 GPU units for a duration of 0.29 hours. We can ensure conflict-aware and priority-aware resource reservation with low latency constraints, meeting the requirements.""}, {""round_id"": ""2"", ""candidate_agent"": ""A2"", ""expected_action"": ""accept"", ""predicted_action"": ""accept"", ""responder_action_correct"": ""True"", ""responder_reason"": ""resource_feasible"", ""responder_message"": ""We can accept the high-priority cv inference workload with conflict-aware and priority-aware resource reservation, as our energy-efficient edge cluster has sufficient GPU resources (0.31 units) to meet the task's requirements within the observed duration of 0.29 hours.""}]"
react_few_shot_cot,ollama(llama3),S4B_002,ALI_00437,background_stream_analytics,data_drift,drift_aware_offloading,drift_awareness_offloading,False,0.0000,0.0000,A3,A3,True,2,0.5000,135883.57,1885,479,2364,"I request proposals for offloading a lower-priority offline inference workload of unknown type, requiring drift-awareness and resource allocation.","{ ""cfp_intent"": ""drift_awareness_offloading"", ""cfp_keywords"": [""lower_priority"", ""offline_inference"", ""unknown_workload"", ""GPU_units"", ""observed_duration""], ""cfp_message"": ""I request proposals for offloading a lower-priority offline inference workload of unknown type, requiring drift-awareness and resource allocation."" }","[{""round_id"": ""1"", ""candidate_agent"": ""A1"", ""expected_action"": ""refuse"", ""predicted_action"": ""accept"", ""responder_action_correct"": ""False"", ""responder_reason"": ""resource_feasible"", ""responder_message"": ""We have sufficient GPU units to offload the workload, and our general_gpu_edge cluster profile suggests we can allocate resources efficiently.""}, {""round_id"": ""1"", ""candidate_agent"": ""A2"", ""expected_action"": ""refuse"", ""predicted_action"": ""accept"", ""responder_action_correct"": ""False"", ""responder_reason"": ""resource_feasible"", ""responder_message"": ""We can accept this CFP as our energy-efficient edge cluster has sufficient GPU units and observed duration to handle the offline inference workload.""}, {""round_id"": ""1"", ""candidate_agent"": ""A3"", ""expected_action"": ""accept"", ""predicted_action"": ""accept"", ""responder_action_correct"": ""True"", ""responder_reason"": ""resource_feasible"", ""responder_message"": ""We can accept this CFP as our low_latency_gpu_edge cluster profile has sufficient GPU units and observed duration to handle the offline inference workload, ensuring resource feasibility.""}, {""round_id"": ""1"", ""candidate_agent"": ""A4"", ""expected_action"": ""accept"", ""predicted_action"": ""accept"", ""responder_action_correct"": ""True"", ""responder_reason"": ""resource_feasible"", ""responder_message"": ""We have sufficient GPU units to handle the workload and can allocate resources efficiently.""}, {""round_id"": ""1"", ""candidate_agent"": ""A5"", ""expected_action"": ""accept"", ""predicted_action"": ""accept"", ""responder_action_correct"": ""True"", ""responder_reason"": ""resource_feasible"", ""responder_message"": ""We have available GPU units and can offload the workload efficiently.""}, {""round_id"": ""2"", ""candidate_agent"": ""A3"", ""expected_action"": ""accept"", ""predicted_action"": ""accept"", ""responder_action_correct"": ""True"", ""responder_reason"": ""resource_feasible"", ""responder_message"": ""Based on the provided workload context, our low_latency_gpu_edge cluster profile has sufficient GPU units (0.25) and observed duration (0.02 hours) to accommodate this lower-priority offline inference task. We can allocate necessary resources without compromising latency or causing scheduling delays.""}, {""round_id"": ""2"", ""candidate_agent"": ""A4"", ""expected_action"": ""accept"", ""predicted_action"": ""refuse"", ""responder_action_correct"": ""False"", ""responder_reason"": ""latency_risk"", ""responder_message"": ""We cannot guarantee timely processing of the workload due to potential bursts in lower-urgency stream analytics, which may impact our edge cluster's overall performance.""}, {""round_id"": ""2"", ""candidate_agent"": ""A5"", ""expected_action"": ""accept"", ""predicted_action"": ""refuse"", ""responder_action_correct"": ""False"", ""responder_reason"": ""resource_overload"", ""responder_message"": ""We cannot accept this workload due to resource overload concerns. Our burstable GPU edge cluster is already utilized, and allocating additional resources for unknown workloads poses a risk of impacting our existing tasks.""}]"
react_few_shot_cot,ollama(llama3),S4B_003,ALI_00001,online_stream_inference,dynamic_workload,latency_critical_offloading,high_priority_offloading,False,0.5000,0.1500,A3,A3,True,2,0.6000,171958.16,2309,595,2904,"I request proposals for offloading a high-priority online inference workload with unknown type, requiring low latency and priority awareness.","{ ""cfp_intent"": ""high_priority_offloading"", ""cfp_keywords"": [""unknown_workload_type"", ""low_latency"", ""priority_awareness""], ""cfp_message"": ""I request proposals for offloading a high-priority online inference workload with unknown type, requiring low latency and priority awareness."" }","[{""round_id"": ""1"", ""candidate_agent"": ""A1"", ""expected_action"": ""accept"", ""predicted_action"": ""accept"", ""responder_action_correct"": ""True"", ""responder_reason"": ""resource_feasible"", ""responder_message"": ""We have sufficient GPU resources to handle the high-priority online inference workload and meet the low latency requirement.""}, {""round_id"": ""1"", ""candidate_agent"": ""A2"", ""expected_action"": ""accept"", ""predicted_action"": ""accept"", ""responder_action_correct"": ""True"", ""responder_reason"": ""resource_feasible"", ""responder_message"": ""We can efficiently offload the high-priority online inference workload with unknown type, meeting the low latency and priority awareness requirements.""}, {""round_id"": ""1"", ""candidate_agent"": ""A3"", ""expected_action"": ""accept"", ""predicted_action"": ""accept"", ""responder_action_correct"": ""True"", ""responder_reason"": ""resource_feasible"", ""responder_message"": ""We can handle the high-priority offloading with our low_latency_gpu_edge cluster profile, ensuring timely processing and priority awareness.""}, {""round_id"": ""1"", ""candidate_agent"": ""A4"", ""expected_action"": ""accept"", ""predicted_action"": ""accept"", ""responder_action_correct"": ""True"", ""responder_reason"": ""resource_feasible"", ""responder_message"": ""We have the necessary resources to handle this high-priority workload with unknown type, ensuring low latency and priority awareness.""}, {""round_id"": ""1"", ""candidate_agent"": ""A5"", ""expected_action"": ""accept"", ""predicted_action"": ""accept"", ""responder_action_correct"": ""True"", ""responder_reason"": ""resource_feasible"", ""responder_message"": ""We can handle the high-priority offloading with our burstable GPU edge cluster, ensuring sufficient resources for low-latency processing.""}, {""round_id"": ""2"", ""candidate_agent"": ""A3"", ""expected_action"": ""accept"", ""predicted_action"": ""accept"", ""responder_action_correct"": ""True"", ""responder_reason"": ""resource_feasible"", ""responder_message"": ""We can accept this high-priority offloading task as our low_latency_gpu_edge cluster has sufficient GPU resources (0.24 units) and can meet the required latency and priority awareness, despite the contextual warning about long-running stream workload.""}, {""round_id"": ""2"", ""candidate_agent"": ""A1"", ""expected_action"": ""accept"", ""predicted_action"": ""refuse"", ""responder_action_correct"": ""False"", ""responder_reason"": ""resource_overload"", ""responder_message"": ""Given the observed duration of 1437.98 hours, deploying this high-priority online inference workload would exceed our general_gpu_edge cluster's resource availability, making it unfeasible to accept.""}, {""round_id"": ""2"", ""candidate_agent"": ""A4"", ""expected_action"": ""accept"", ""predicted_action"": ""refuse"", ""responder_action_correct"": ""False"", ""responder_reason"": ""resource_overload"", ""responder_message"": ""We cannot accept this high-priority online inference workload due to the requested 0.24 GPU units, which exceeds our available resources.""}, {""round_id"": ""2"", ""candidate_agent"": ""A2"", ""expected_action"": ""accept"", ""predicted_action"": ""refuse"", ""responder_action_correct"": ""False"", ""responder_reason"": ""resource_overload"", ""responder_message"": ""We cannot accept this high-priority offloading request due to resource overload concerns. Our energy-efficient edge cluster is already utilized at 0.24 GPU units, which exceeds our available resources. This may compromise future task scheduling and stability.""}, {""round_id"": ""2"", ""candidate_agent"": ""A5"", ""expected_action"": ""accept"", ""predicted_action"": ""refuse"", ""responder_action_correct"": ""False"", ""responder_reason"": ""resource_overload"", ""responder_message"": ""We cannot accept this high-priority workload due to resource overload concerns. Our burstable GPU edge cluster is already utilized at 0.24 GPU units, which exceeds our available resources.""}]"
react_few_shot_cot,ollama(llama3),S4B_004,ALI_00052,recommendation_stream,unseen_task,resource_aware_offloading,profile_aware_scheduling,False,0.3333,0.1000,A1,A1,True,1,0.2000,89076.40,1196,296,1492,"I request proposals for scheduling a lower-priority rec training workload with user profile awareness, requesting 0.50 GPU units and observed duration 0.74 hours.","{ ""cfp_intent"": ""profile_aware_scheduling"", ""cfp_keywords"": [""user_profile_awareness"", ""rec_workload"", ""gpu_usage""], ""cfp_message"": ""I request proposals for scheduling a lower-priority rec training workload with user profile awareness, requesting 0.50 GPU units and observed duration 0.74 hours."" }","[{""round_id"": ""1"", ""candidate_agent"": ""A1"", ""expected_action"": ""accept"", ""predicted_action"": ""accept"", ""responder_action_correct"": ""True"", ""responder_reason"": ""resource_feasible"", ""responder_message"": ""We have sufficient GPU resources to accommodate the requested workload and ensure optimal performance.""}, {""round_id"": ""1"", ""candidate_agent"": ""A2"", ""expected_action"": ""refuse"", ""predicted_action"": ""accept"", ""responder_action_correct"": ""False"", ""responder_reason"": ""resource_feasible"", ""responder_message"": ""We can accommodate the requested GPU units and observed duration, aligning with our energy-efficient edge cluster profile.""}, {""round_id"": ""1"", ""candidate_agent"": ""A3"", ""expected_action"": ""refuse"", ""predicted_action"": ""accept"", ""responder_action_correct"": ""False"", ""responder_reason"": ""resource_feasible"", ""responder_message"": ""We can accommodate the requested GPU units and observed duration, ensuring a smooth scheduling for the rec training workload with user profile awareness.""}, {""round_id"": ""1"", ""candidate_agent"": ""A4"", ""expected_action"": ""refuse"", ""predicted_action"": ""accept"", ""responder_action_correct"": ""False"", ""responder_reason"": ""resource_feasible"", ""responder_message"": ""We can accommodate the requested GPU units and observed duration, ensuring a feasible resource allocation for this lower-priority rec training workload.""}, {""round_id"": ""1"", ""candidate_agent"": ""A5"", ""expected_action"": ""refuse"", ""predicted_action"": ""accept"", ""responder_action_correct"": ""False"", ""responder_reason"": ""resource_feasible"", ""responder_message"": ""We can accommodate the requested GPU units and observed duration, and our burstable GPU edge cluster has sufficient resources to handle this workload.""}]"
react_few_shot_cot,ollama(llama3),S4B_005,ALI_00013,computer_vision_stream,conflict_resolution,conflict_aware_offloading,conflict_aware_offloading,True,0.1429,0.7429,A3,A3,True,2,0.7500,143266.93,1913,549,2462,I request proposals for a high-priority online cv inference workload requiring priority-aware and conflict-aware resource reservation.,"{ ""cfp_intent"": ""conflict_aware_offloading"", ""cfp_keywords"": [""high_priority"", ""cv_inference"", ""resource_reservation""], ""cfp_message"": ""I request proposals for a high-priority online cv inference workload requiring priority-aware and conflict-aware resource reservation."" }","[{""round_id"": ""1"", ""candidate_agent"": ""A1"", ""expected_action"": ""refuse"", ""predicted_action"": ""accept"", ""responder_action_correct"": ""False"", ""responder_reason"": ""resource_feasible"", ""responder_message"": ""We have sufficient GPU resources to handle the high-priority online CV inference workload. We're ready to accept this CFP and provide a proposal.""}, {""round_id"": ""1"", ""candidate_agent"": ""A2"", ""expected_action"": ""accept"", ""predicted_action"": ""accept"", ""responder_action_correct"": ""True"", ""responder_reason"": ""resource_feasible"", ""responder_message"": ""We can efficiently offload the high-priority online CV inference workload, ensuring priority-aware and conflict-aware resource reservation. Our energy-efficient edge cluster has sufficient resources to handle this task.""}, {""round_id"": ""1"", ""candidate_agent"": ""A3"", ""expected_action"": ""accept"", ""predicted_action"": ""accept"", ""responder_action_correct"": ""True"", ""responder_reason"": ""resource_feasible"", ""responder_message"": ""We can handle the high-priority online CV inference workload with our low-latency GPU edge cluster, ensuring priority-aware and conflict-aware resource reservation.""}, {""round_id"": ""1"", ""candidate_agent"": ""A4"", ""expected_action"": ""accept"", ""predicted_action"": ""accept"", ""responder_action_correct"": ""True"", ""responder_reason"": ""resource_feasible"", ""responder_message"": ""We can handle the high-priority online CV inference workload, as our trusted edge cluster has sufficient resources to ensure priority-aware and conflict-aware resource reservation.""}, {""round_id"": ""1"", ""candidate_agent"": ""A5"", ""expected_action"": ""refuse"", ""predicted_action"": ""accept"", ""responder_action_correct"": ""False"", ""responder_reason"": ""resource_feasible"", ""responder_message"": ""We can accept this CFP as our burstable GPU edge cluster has sufficient resources to handle the high-priority online CV inference workload.""}, {""round_id"": ""2"", ""candidate_agent"": ""A3"", ""expected_action"": ""accept"", ""predicted_action"": ""accept"", ""responder_action_correct"": ""True"", ""responder_reason"": ""resource_feasible"", ""responder_message"": ""Based on the provided workload context, our low_latency_gpu_edge cluster profile can accommodate the requested 0.11 GPU units and observed duration of 1.38 hours. We have sufficient resources to handle this high-priority online CV inference task while ensuring conflict-awareness, high bandwidth, and low latency.""}, {""round_id"": ""2"", ""candidate_agent"": ""A4"", ""expected_action"": ""accept"", ""predicted_action"": ""accept"", ""responder_action_correct"": ""True"", ""responder_reason"": ""resource_feasible"", ""responder_message"": ""Based on the provided workload context, our trusted edge cluster has sufficient GPU resources (0.11 units) to accommodate this high-priority online CV inference task. We can ensure conflict-aware and priority-aware resource reservation, minimizing scheduling delays and readiness failures.""}, {""round_id"": ""2"", ""candidate_agent"": ""A2"", ""expected_action"": ""accept"", ""predicted_action"": ""accept"", ""responder_action_correct"": ""True"", ""responder_reason"": ""resource_feasible"", ""responder_message"": ""Based on the provided workload context, our energy-efficient edge cluster can accommodate the requested 0.11 GPU units and observed duration of 1.38 hours without compromising performance or resource utilization.""}]"
react_few_shot_cot,ollama(llama3),S4B_006,ALI_00457,background_stream_analytics,data_drift,drift_aware_offloading,drift_aware_offloading,True,0.3333,0.8000,A3,A3,True,2,0.7500,135370.94,1901,460,2361,"I request proposals for offloading a lower-priority offline inference workload of unknown type, requiring 0.25 GPU units and drift-aware scheduling.","{ ""cfp_intent"": ""drift_aware_offloading"", ""cfp_keywords"": [""offline_inference"", ""unknown_workload_type"", ""GPU_reservation"", ""drift_awareness""], ""cfp_message"": ""I request proposals for offloading a lower-priority offline inference workload of unknown type, requiring 0.25 GPU units and drift-aware scheduling."" }","[{""round_id"": ""1"", ""candidate_agent"": ""A1"", ""expected_action"": ""refuse"", ""predicted_action"": ""accept"", ""responder_action_correct"": ""False"", ""responder_reason"": ""resource_feasible"", ""responder_message"": ""We have available GPU resources and can accommodate the workload.""}, {""round_id"": ""1"", ""candidate_agent"": ""A2"", ""expected_action"": ""refuse"", ""predicted_action"": ""accept"", ""responder_action_correct"": ""False"", ""responder_reason"": ""resource_feasible"", ""responder_message"": ""We can accept this CFP as our energy-efficient edge cluster has sufficient resources to handle the workload.""}, {""round_id"": ""1"", ""candidate_agent"": ""A3"", ""expected_action"": ""accept"", ""predicted_action"": ""accept"", ""responder_action_correct"": ""True"", ""responder_reason"": ""resource_feasible"", ""responder_message"": ""We can accept this CFP as our low_latency_gpu_edge cluster profile has sufficient GPU resources to handle the workload.""}, {""round_id"": ""1"", ""candidate_agent"": ""A4"", ""expected_action"": ""accept"", ""predicted_action"": ""accept"", ""responder_action_correct"": ""True"", ""responder_reason"": ""resource_feasible"", ""responder_message"": ""We can accept this CFP as our privacy_trusted_edge cluster has sufficient resources to handle the workload.""}, {""round_id"": ""1"", ""candidate_agent"": ""A5"", ""expected_action"": ""accept"", ""predicted_action"": ""accept"", ""responder_action_correct"": ""True"", ""responder_reason"": ""resource_feasible"", ""responder_message"": ""We can accept this CFP as our burstable GPU edge cluster has sufficient resources to handle the workload, and we're well-equipped for drift-aware scheduling.""}, {""round_id"": ""2"", ""candidate_agent"": ""A3"", ""expected_action"": ""accept"", ""predicted_action"": ""accept"", ""responder_action_correct"": ""True"", ""responder_reason"": ""resource_feasible"", ""responder_message"": ""We can accept this proposal as our low_latency_gpu_edge cluster has sufficient GPU resources (0.25 units) and can handle the offline inference workload with drift-aware scheduling, ensuring low latency and meeting the requested requirements.""}, {""round_id"": ""2"", ""candidate_agent"": ""A4"", ""expected_action"": ""accept"", ""predicted_action"": ""accept"", ""responder_action_correct"": ""True"", ""responder_reason"": ""resource_feasible"", ""responder_message"": ""We can accept this proposal as our edge cluster has sufficient resources to handle the workload, ensuring drift-aware scheduling and meeting the required GPU units. We're confident in our ability to manage latency risk and prioritize tasks effectively.""}, {""round_id"": ""2"", ""candidate_agent"": ""A5"", ""expected_action"": ""accept"", ""predicted_action"": ""accept"", ""responder_action_correct"": ""True"", ""responder_reason"": ""resource_feasible"", ""responder_message"": ""We can accommodate the workload, utilizing our burstable GPU edge cluster's available resources.""}]"
react_few_shot_cot,ollama(llama3),S4B_007,ALI_00105,online_stream_inference,dynamic_workload,latency_critical_offloading,high_priority_offloading,False,0.5000,0.1500,A3,A3,True,2,0.6000,163580.53,2309,640,2949,"I request proposals for offloading a high-priority online inference workload with unknown type, requiring low latency and priority awareness.","{ ""cfp_intent"": ""high_priority_offloading"", ""cfp_keywords"": [""unknown_workload_type"", ""low_latency"", ""priority_awareness""], ""cfp_message"": ""I request proposals for offloading a high-priority online inference workload with unknown type, requiring low latency and priority awareness."" }","[{""round_id"": ""1"", ""candidate_agent"": ""A1"", ""expected_action"": ""accept"", ""predicted_action"": ""accept"", ""responder_action_correct"": ""True"", ""responder_reason"": ""resource_feasible"", ""responder_message"": ""We can accept this CFP as our general_gpu_edge cluster has sufficient resources to handle the high-priority online inference workload with unknown type, requiring low latency and priority awareness.""}, {""round_id"": ""1"", ""candidate_agent"": ""A2"", ""expected_action"": ""accept"", ""predicted_action"": ""accept"", ""responder_action_correct"": ""True"", ""responder_reason"": ""resource_feasible"", ""responder_message"": ""We can efficiently offload the high-priority online inference workload with unknown type, meeting the low latency and priority awareness requirements.""}, {""round_id"": ""1"", ""candidate_agent"": ""A3"", ""expected_action"": ""accept"", ""predicted_action"": ""accept"", ""responder_action_correct"": ""True"", ""responder_reason"": ""resource_feasible"", ""responder_message"": ""We can handle the high-priority online inference workload with unknown type, requiring low latency and priority awareness. Our low_latency_gpu_edge cluster profile is well-suited for this task.""}, {""round_id"": ""1"", ""candidate_agent"": ""A4"", ""expected_action"": ""accept"", ""predicted_action"": ""accept"", ""responder_action_correct"": ""True"", ""responder_reason"": ""resource_feasible"", ""responder_message"": ""We have sufficient resources to handle the high-priority offloading request and can ensure low latency.""}, {""round_id"": ""1"", ""candidate_agent"": ""A5"", ""expected_action"": ""accept"", ""predicted_action"": ""accept"", ""responder_action_correct"": ""True"", ""responder_reason"": ""resource_feasible"", ""responder_message"": ""We can handle the high-priority offloading with our burstable GPU edge cluster, ensuring low latency and priority awareness.""}, {""round_id"": ""2"", ""candidate_agent"": ""A3"", ""expected_action"": ""accept"", ""predicted_action"": ""accept"", ""responder_action_correct"": ""True"", ""responder_reason"": ""resource_feasible"", ""responder_message"": ""We can accept this high-priority online inference workload with unknown type, as our low_latency_gpu_edge cluster has sufficient GPU resources (0.06 units) and can meet the required latency and priority awareness.""}, {""round_id"": ""2"", ""candidate_agent"": ""A4"", ""expected_action"": ""accept"", ""predicted_action"": ""refuse"", ""responder_action_correct"": ""False"", ""responder_reason"": ""resource_overload"", ""responder_message"": ""We cannot accept this high-priority online inference workload due to the significant resource requirements (0.06 GPU units) and observed duration (1703.97 hours), which may overload our trusted edge cluster's resources, compromising future stability.""}, {""round_id"": ""2"", ""candidate_agent"": ""A1"", ""expected_action"": ""accept"", ""predicted_action"": ""refuse"", ""responder_action_correct"": ""False"", ""responder_reason"": ""resource_overload"", ""responder_message"": ""We cannot accept this high-priority offloading request due to resource overload concerns. Our general_gpu_edge cluster profile indicates that we are already utilizing 0.06 GPU units, which is the exact amount required by the workload. This would lead to a significant reduction in future resource stability.""}, {""round_id"": ""2"", ""candidate_agent"": ""A2"", ""expected_action"": ""accept"", ""predicted_action"": ""refuse"", ""responder_action_correct"": ""False"", ""responder_reason"": ""resource_overload"", ""responder_message"": ""We cannot accept this high-priority online inference workload due to resource overload concerns. Our energy-efficient edge cluster is already utilized at 0.06 GPU units, which exceeds our available resources.""}, {""round_id"": ""2"", ""candidate_agent"": ""A5"", ""expected_action"": ""accept"", ""predicted_action"": ""refuse"", ""responder_action_correct"": ""False"", ""responder_reason"": ""resource_overload"", ""responder_message"": ""We cannot accept this high-priority online inference workload due to resource overload concerns. Our burstable GPU edge cluster is already utilized at 0.06 GPU units, which exceeds our available resources.""}]"
react_few_shot_cot,ollama(llama3),S4B_008,ALI_00069,computer_vision_stream,unseen_task,latency_critical_offloading,conflict_aware_offloading,False,0.0000,0.0000,A3,A3,True,1,0.2000,83987.24,1151,313,1464,I request proposals for a high-priority cv workload requiring priority-aware and conflict-aware resource reservation.,"{ ""cfp_intent"": ""conflict_aware_offloading"", ""cfp_keywords"": [""high_priority"", ""cv_workload"", ""gpu_reservation""], ""cfp_message"": ""I request proposals for a high-priority cv workload requiring priority-aware and conflict-aware resource reservation."" }","[{""round_id"": ""1"", ""candidate_agent"": ""A1"", ""expected_action"": ""refuse"", ""predicted_action"": ""accept"", ""responder_action_correct"": ""False"", ""responder_reason"": ""resource_feasible"", ""responder_message"": ""We can accommodate the high-priority CV workload on our general GPU edge cluster, ensuring priority-aware and conflict-aware resource reservation.""}, {""round_id"": ""1"", ""candidate_agent"": ""A2"", ""expected_action"": ""refuse"", ""predicted_action"": ""accept"", ""responder_action_correct"": ""False"", ""responder_reason"": ""resource_feasible"", ""responder_message"": ""As an energy-efficient edge cluster, we have sufficient resources to handle the high-priority CV workload and can prioritize resource reservation accordingly.""}, {""round_id"": ""1"", ""candidate_agent"": ""A3"", ""expected_action"": ""accept"", ""predicted_action"": ""accept"", ""responder_action_correct"": ""True"", ""responder_reason"": ""resource_feasible"", ""responder_message"": ""Based on our low_latency_gpu_edge cluster profile, we have sufficient resources to handle the high-priority cv workload and can provide priority-aware and conflict-aware resource reservation.""}, {""round_id"": ""1"", ""candidate_agent"": ""A4"", ""expected_action"": ""refuse"", ""predicted_action"": ""accept"", ""responder_action_correct"": ""False"", ""responder_reason"": ""resource_feasible"", ""responder_message"": ""We have sufficient resources to handle the high-priority CV workload and can ensure priority-aware and conflict-aware resource reservation.""}, {""round_id"": ""1"", ""candidate_agent"": ""A5"", ""expected_action"": ""refuse"", ""predicted_action"": ""accept"", ""responder_action_correct"": ""False"", ""responder_reason"": ""resource_feasible"", ""responder_message"": ""We can handle the high-priority CV workload with our burstable GPU edge cluster, ensuring priority-aware and conflict-aware resource reservation.""}]"
react_few_shot_cot,ollama(llama3),S4B_009,ALI_00030,computer_vision_stream,conflict_resolution,conflict_aware_offloading,conflict_aware_offloading,True,0.1429,0.7429,A3,A3,True,2,0.7500,138525.88,1953,555,2508,I request proposals for a high-priority cv inference workload requiring conflict-aware and priority-aware resource reservation with low latency constraints.,"{ ""cfp_intent"": ""conflict_aware_offloading"", ""cfp_keywords"": [""high_priority"", ""cv_inference"", ""gpu_reservation"", ""low_latency""], ""cfp_message"": ""I request proposals for a high-priority cv inference workload requiring conflict-aware and priority-aware resource reservation with low latency constraints."" }","[{""round_id"": ""1"", ""candidate_agent"": ""A1"", ""expected_action"": ""refuse"", ""predicted_action"": ""accept"", ""responder_action_correct"": ""False"", ""responder_reason"": ""resource_feasible"", ""responder_message"": ""We can accept the CFP as our general_gpu_edge cluster profile has sufficient resources to handle high-priority CV inference workloads with conflict-aware and priority-aware resource reservation, ensuring low latency constraints are met.""}, {""round_id"": ""1"", ""candidate_agent"": ""A2"", ""expected_action"": ""accept"", ""predicted_action"": ""accept"", ""responder_action_correct"": ""True"", ""responder_reason"": ""resource_feasible"", ""responder_message"": ""We can efficiently offload the high-priority CV inference workload, utilizing our energy-efficient edge cluster's resources to meet the low latency constraints.""}, {""round_id"": ""1"", ""candidate_agent"": ""A3"", ""expected_action"": ""accept"", ""predicted_action"": ""accept"", ""responder_action_correct"": ""True"", ""responder_reason"": ""resource_feasible"", ""responder_message"": ""We can handle the high-priority CV inference workload with conflict-aware and priority-aware resource reservation, ensuring low latency constraints are met.""}, {""round_id"": ""1"", ""candidate_agent"": ""A4"", ""expected_action"": ""accept"", ""predicted_action"": ""accept"", ""responder_action_correct"": ""True"", ""responder_reason"": ""resource_feasible"", ""responder_message"": ""We have sufficient resources to handle the high-priority cv inference workload with conflict-aware and priority-aware resource reservation, ensuring low latency constraints are met.""}, {""round_id"": ""1"", ""candidate_agent"": ""A5"", ""expected_action"": ""refuse"", ""predicted_action"": ""accept"", ""responder_action_correct"": ""False"", ""responder_reason"": ""resource_feasible"", ""responder_message"": ""We can accept the CFP as our burstable GPU edge cluster has sufficient resources to handle the high-priority CV inference workload with conflict-aware and priority-aware resource reservation, meeting the low latency constraints.""}, {""round_id"": ""2"", ""candidate_agent"": ""A3"", ""expected_action"": ""accept"", ""predicted_action"": ""accept"", ""responder_action_correct"": ""True"", ""responder_reason"": ""resource_feasible"", ""responder_message"": ""We can accommodate the high-priority cv inference workload with our low_latency_gpu_edge cluster, ensuring conflict-aware and priority-aware resource reservation for a latency-sensitive deployment.""}, {""round_id"": ""2"", ""candidate_agent"": ""A4"", ""expected_action"": ""accept"", ""predicted_action"": ""accept"", ""responder_action_correct"": ""True"", ""responder_reason"": ""resource_feasible"", ""responder_message"": ""Based on the provided workload context, our edge cluster profile (privacy_trusted_edge) can accommodate the requested 0.31 GPU units and observed duration of 0.18 hours. We have sufficient resources to handle this high-priority cv inference task with low latency constraints.""}, {""round_id"": ""2"", ""candidate_agent"": ""A2"", ""expected_action"": ""accept"", ""predicted_action"": ""accept"", ""responder_action_correct"": ""True"", ""responder_reason"": ""resource_feasible"", ""responder_message"": ""Based on the provided workload context, our energy-efficient edge cluster can accommodate the requested GPU units and meet the low latency constraints. We have sufficient resources to handle the high-priority cv inference task with conflict-awareness and priority-aware resource reservation.""}]"
react_few_shot_cot,ollama(llama3),S4B_010,ALI_00470,background_stream_analytics,data_drift,drift_aware_offloading,drift_aware_offloading,True,0.3333,0.8000,A3,A3,True,2,0.6250,132358.92,1957,463,2420,"I request proposals for offloading a lower-priority offline inference workload with unknown type, drift-awareness, and 0.25 GPU units, considering observed duration 0.03 hours.","{ ""cfp_intent"": ""drift_aware_offloading"", ""cfp_keywords"": [""offline_inference"", ""lower_priority"", ""unknown_workload"", ""drift_awareness""], ""cfp_message"": ""I request proposals for offloading a lower-priority offline inference workload with unknown type, drift-awareness, and 0.25 GPU units, considering observed duration 0.03 hours."" }","[{""round_id"": ""1"", ""candidate_agent"": ""A1"", ""expected_action"": ""refuse"", ""predicted_action"": ""accept"", ""responder_action_correct"": ""False"", ""responder_reason"": ""resource_feasible"", ""responder_message"": ""We can accept this CFP as our general_gpu_edge cluster profile has sufficient resources to handle the workload.""}, {""round_id"": ""1"", ""candidate_agent"": ""A2"", ""expected_action"": ""refuse"", ""predicted_action"": ""accept"", ""responder_action_correct"": ""False"", ""responder_reason"": ""resource_feasible"", ""responder_message"": ""We can accept this request as our energy-efficient edge cluster has sufficient resources to handle the workload.""}, {""round_id"": ""1"", ""candidate_agent"": ""A3"", ""expected_action"": ""accept"", ""predicted_action"": ""accept"", ""responder_action_correct"": ""True"", ""responder_reason"": ""resource_feasible"", ""responder_message"": ""We can accept this CFP as our low_latency_gpu_edge cluster has sufficient resources to handle the workload.""}, {""round_id"": ""1"", ""candidate_agent"": ""A4"", ""expected_action"": ""accept"", ""predicted_action"": ""accept"", ""responder_action_correct"": ""True"", ""responder_reason"": ""resource_feasible"", ""responder_message"": ""We can accommodate this workload, as our trusted edge cluster has sufficient resources to handle the offline inference task with drift-awareness.""}, {""round_id"": ""1"", ""candidate_agent"": ""A5"", ""expected_action"": ""accept"", ""predicted_action"": ""accept"", ""responder_action_correct"": ""True"", ""responder_reason"": ""resource_feasible"", ""responder_message"": ""We can accept this CFP as our burstable GPU edge cluster has sufficient resources to handle the workload.""}, {""round_id"": ""2"", ""candidate_agent"": ""A3"", ""expected_action"": ""accept"", ""predicted_action"": ""accept"", ""responder_action_correct"": ""True"", ""responder_reason"": ""resource_feasible"", ""responder_message"": ""We can accept this workload as our low_latency_gpu_edge cluster has sufficient GPU resources (0.25 units) and can handle the observed duration of 0.03 hours, ensuring drift-awareness for the unknown offline inference task.""}, {""round_id"": ""2"", ""candidate_agent"": ""A4"", ""expected_action"": ""accept"", ""predicted_action"": ""refuse"", ""responder_action_correct"": ""False"", ""responder_reason"": ""latency_risk"", ""responder_message"": ""We cannot guarantee the timely processing of this unknown workload with drift-awareness, considering the observed duration and potential delayed bursts in lower-urgency stream analytics.""}, {""round_id"": ""2"", ""candidate_agent"": ""A5"", ""expected_action"": ""accept"", ""predicted_action"": ""accept"", ""responder_action_correct"": ""True"", ""responder_reason"": ""resource_feasible"", ""responder_message"": ""We can accept this proposal as our burstable GPU edge cluster has available resources to handle the workload, considering drift-awareness and offline inference.""}]"
react_few_shot_cot,ollama(llama3),S4B_011,ALI_00169,online_stream_inference,dynamic_workload,latency_critical_offloading,high_priority_offloading,False,0.0000,0.0000,A3,A1,False,2,0.6000,167593.57,2219,627,2846,I request proposals for offloading a high-priority online inference workload with low latency and priority awareness requirements.,"{ ""cfp_intent"": ""high_priority_offloading"", ""cfp_keywords"": [""high_priority"", ""online_inference"", ""edge_stream_task""], ""cfp_message"": ""I request proposals for offloading a high-priority online inference workload with low latency and priority awareness requirements."" }","[{""round_id"": ""1"", ""candidate_agent"": ""A1"", ""expected_action"": ""accept"", ""predicted_action"": ""accept"", ""responder_action_correct"": ""True"", ""responder_reason"": ""resource_feasible"", ""responder_message"": ""We have sufficient GPU resources on our general_gpu_edge cluster to handle the high-priority online inference workload with low latency and priority awareness requirements.""}, {""round_id"": ""1"", ""candidate_agent"": ""A2"", ""expected_action"": ""accept"", ""predicted_action"": ""accept"", ""responder_action_correct"": ""True"", ""responder_reason"": ""resource_feasible"", ""responder_message"": ""As an energy-efficient edge cluster, we have sufficient resources to handle the high-priority offloading task with low latency and priority awareness requirements.""}, {""round_id"": ""1"", ""candidate_agent"": ""A3"", ""expected_action"": ""accept"", ""predicted_action"": ""accept"", ""responder_action_correct"": ""True"", ""responder_reason"": ""resource_feasible"", ""responder_message"": ""We can handle the high-priority online inference workload with our low-latency GPU edge cluster, ensuring timely processing and priority awareness.""}, {""round_id"": ""1"", ""candidate_agent"": ""A4"", ""expected_action"": ""accept"", ""predicted_action"": ""accept"", ""responder_action_correct"": ""True"", ""responder_reason"": ""resource_feasible"", ""responder_message"": ""We have the necessary resources to handle this high-priority offloading task, ensuring low latency and priority awareness. We're ready to assist!""}, {""round_id"": ""1"", ""candidate_agent"": ""A5"", ""expected_action"": ""accept"", ""predicted_action"": ""accept"", ""responder_action_correct"": ""True"", ""responder_reason"": ""resource_feasible"", ""responder_message"": ""We can handle the high-priority offloading task with our burstable GPU edge cluster, ensuring low latency and priority awareness. Our resources are available to meet the requirements.""}, {""round_id"": ""2"", ""candidate_agent"": ""A3"", ""expected_action"": ""accept"", ""predicted_action"": ""refuse"", ""responder_action_correct"": ""False"", ""responder_reason"": ""resource_overload"", ""responder_message"": ""We cannot accept this high-priority online inference workload due to resource overload concerns. Our low_latency_gpu_edge cluster profile indicates that we can only allocate 0.03 GPU units, which is insufficient for the requested 0.06 GPU units.""}, {""round_id"": ""2"", ""candidate_agent"": ""A4"", ""expected_action"": ""accept"", ""predicted_action"": ""refuse"", ""responder_action_correct"": ""False"", ""responder_reason"": ""resource_overload"", ""responder_message"": ""We cannot accept this high-priority online inference workload as our current resource availability is already strained, and the requested 0.06 GPU units would exceed our capacity.""}, {""round_id"": ""2"", ""candidate_agent"": ""A1"", ""expected_action"": ""accept"", ""predicted_action"": ""accept"", ""responder_action_correct"": ""True"", ""responder_reason"": ""resource_feasible"", ""responder_message"": ""We can accept the high-priority offloading request as our general_gpu_edge cluster has sufficient GPU resources (0.06 units) to handle the workload, ensuring low latency and priority awareness.""}, {""round_id"": ""2"", ""candidate_agent"": ""A2"", ""expected_action"": ""accept"", ""predicted_action"": ""refuse"", ""responder_action_correct"": ""False"", ""responder_reason"": ""resource_overload"", ""responder_message"": ""We regret to inform you that our energy-efficient edge cluster is not equipped to handle the requested 0.06 GPU units, which exceeds our current resource availability. We prioritize efficient utilization of resources and cannot compromise on this requirement.""}, {""round_id"": ""2"", ""candidate_agent"": ""A5"", ""expected_action"": ""accept"", ""predicted_action"": ""refuse"", ""responder_action_correct"": ""False"", ""responder_reason"": ""resource_overload"", ""responder_message"": ""We cannot accept this high-priority online inference workload due to resource overload concerns. Our burstable GPU edge cluster is already utilized at 0.06 GPU units, which exceeds the requested amount.""}]"
react_few_shot_cot,ollama(llama3),S4B_012,ALI_00116,computer_vision_stream,unseen_task,latency_critical_offloading,high_priority_offloading,False,0.0000,0.0000,A3,A3,True,1,0.2000,87940.49,1151,310,1461,I request proposals for offloading a high-priority online inference workload of type cv as an edge stream task.,"{ ""cfp_intent"": ""high_priority_offloading"", ""cfp_keywords"": [""high_priority"", ""online_inference"", ""cv_workload""], ""cfp_message"": ""I request proposals for offloading a high-priority online inference workload of type cv as an edge stream task."" }","[{""round_id"": ""1"", ""candidate_agent"": ""A1"", ""expected_action"": ""refuse"", ""predicted_action"": ""accept"", ""responder_action_correct"": ""False"", ""responder_reason"": ""resource_feasible"", ""responder_message"": ""We have sufficient GPU resources to handle the high-priority online inference workload, and our general_gpu_edge cluster profile is well-suited for this task.""}, {""round_id"": ""1"", ""candidate_agent"": ""A2"", ""expected_action"": ""refuse"", ""predicted_action"": ""accept"", ""responder_action_correct"": ""False"", ""responder_reason"": ""resource_feasible"", ""responder_message"": ""As an energy-efficient edge cluster, we have sufficient resources to handle the high-priority online inference workload. We're happy to accept this proposal and offload the CV workload.""}, {""round_id"": ""1"", ""candidate_agent"": ""A3"", ""expected_action"": ""accept"", ""predicted_action"": ""accept"", ""responder_action_correct"": ""True"", ""responder_reason"": ""resource_feasible"", ""responder_message"": ""We can handle the high-priority online inference workload with our low_latency_gpu_edge cluster, leveraging our GPU resources to ensure timely processing.""}, {""round_id"": ""1"", ""candidate_agent"": ""A4"", ""expected_action"": ""refuse"", ""predicted_action"": ""accept"", ""responder_action_correct"": ""False"", ""responder_reason"": ""resource_feasible"", ""responder_message"": ""We have sufficient resources to handle the high-priority online inference workload and can accept this proposal.""}, {""round_id"": ""1"", ""candidate_agent"": ""A5"", ""expected_action"": ""refuse"", ""predicted_action"": ""accept"", ""responder_action_correct"": ""False"", ""responder_reason"": ""resource_feasible"", ""responder_message"": ""Our burstable GPU edge cluster is well-suited for high-priority online inference workloads. We have the necessary resources to handle this task efficiently.""}]"
react_few_shot_cot,ollama(llama3),S4B_013,ALI_00035,computer_vision_stream,conflict_resolution,conflict_aware_offloading,conflict_aware_offloading,True,0.0000,0.7000,A3,A3,True,2,0.7500,136655.40,1921,529,2450,I request proposals for a high-priority cv inference workload requiring conflict-aware and priority-aware resource reservation.,"{ ""cfp_intent"": ""conflict_aware_offloading"", ""cfp_keywords"": [""high_priority"", ""cv_inference"", ""gpu_request"", ""scheduling_delay""], ""cfp_message"": ""I request proposals for a high-priority cv inference workload requiring conflict-aware and priority-aware resource reservation."" }","[{""round_id"": ""1"", ""candidate_agent"": ""A1"", ""expected_action"": ""refuse"", ""predicted_action"": ""accept"", ""responder_action_correct"": ""False"", ""responder_reason"": ""resource_feasible"", ""responder_message"": ""We have sufficient GPU resources to handle the high-priority CV inference workload and can accommodate the conflict-aware and priority-aware resource reservation requirements.""}, {""round_id"": ""1"", ""candidate_agent"": ""A2"", ""expected_action"": ""accept"", ""predicted_action"": ""accept"", ""responder_action_correct"": ""True"", ""responder_reason"": ""resource_feasible"", ""responder_message"": ""We can efficiently offload the high-priority CV inference workload, utilizing our energy-efficient edge cluster's available resources.""}, {""round_id"": ""1"", ""candidate_agent"": ""A3"", ""expected_action"": ""accept"", ""predicted_action"": ""accept"", ""responder_action_correct"": ""True"", ""responder_reason"": ""resource_feasible"", ""responder_message"": ""We can handle the high-priority CV inference workload with our low-latency GPU edge cluster, ensuring conflict-aware and priority-aware resource reservation.""}, {""round_id"": ""1"", ""candidate_agent"": ""A4"", ""expected_action"": ""accept"", ""predicted_action"": ""accept"", ""responder_action_correct"": ""True"", ""responder_reason"": ""resource_feasible"", ""responder_message"": ""We have sufficient resources to handle the high-priority cv inference workload and can provide conflict-aware and priority-aware resource reservation.""}, {""round_id"": ""1"", ""candidate_agent"": ""A5"", ""expected_action"": ""refuse"", ""predicted_action"": ""accept"", ""responder_action_correct"": ""False"", ""responder_reason"": ""resource_feasible"", ""responder_message"": ""We can accommodate the high-priority CV inference workload on our burstable GPU edge cluster, ensuring conflict-aware and priority-aware resource reservation.""}, {""round_id"": ""2"", ""candidate_agent"": ""A3"", ""expected_action"": ""accept"", ""predicted_action"": ""accept"", ""responder_action_correct"": ""True"", ""responder_reason"": ""resource_feasible"", ""responder_message"": ""We can accept this high-priority cv inference workload, as our low_latency_gpu_edge cluster has sufficient GPU resources (0.07 units) and can meet the observed duration of 1.37 hours. We are confident in our ability to provide conflict-aware and priority-aware resource reservation.""}, {""round_id"": ""2"", ""candidate_agent"": ""A4"", ""expected_action"": ""accept"", ""predicted_action"": ""accept"", ""responder_action_correct"": ""True"", ""responder_reason"": ""resource_feasible"", ""responder_message"": ""Based on the provided workload context, our trusted edge cluster has sufficient resources to deploy the high-priority online inference workload. We can allocate 0.07 GPU units and ensure low latency and high bandwidth for the cv inference task.""}, {""round_id"": ""2"", ""candidate_agent"": ""A2"", ""expected_action"": ""accept"", ""predicted_action"": ""accept"", ""responder_action_correct"": ""True"", ""responder_reason"": ""resource_feasible"", ""responder_message"": ""We can accept this high-priority cv inference workload, as our energy-efficient edge cluster has sufficient GPU resources (0.07 units) to meet the task's requirements and minimize scheduling delay.""}]"
react_few_shot_cot,ollama(llama3),S4B_014,ALI_00962,background_stream_analytics,data_drift,drift_aware_offloading,drift_aware_offloading,True,0.3333,0.8000,A3,A3,True,2,0.7500,137884.79,1853,500,2353,I request proposals for offloading a lower-priority offline inference workload with drift-aware scheduling and GPU resource utilization.,"{ ""cfp_intent"": ""drift_aware_offloading"", ""cfp_keywords"": [""offline_inference"", ""lower_priority"", ""GPU_usage"", ""drift_awareness""], ""cfp_message"": ""I request proposals for offloading a lower-priority offline inference workload with drift-aware scheduling and GPU resource utilization."" }","[{""round_id"": ""1"", ""candidate_agent"": ""A1"", ""expected_action"": ""refuse"", ""predicted_action"": ""accept"", ""responder_action_correct"": ""False"", ""responder_reason"": ""resource_feasible"", ""responder_message"": ""We can accept this CFP as our general_gpu_edge cluster profile has sufficient GPU resources to handle the workload.""}, {""round_id"": ""1"", ""candidate_agent"": ""A2"", ""expected_action"": ""refuse"", ""predicted_action"": ""accept"", ""responder_action_correct"": ""False"", ""responder_reason"": ""resource_feasible"", ""responder_message"": ""We can efficiently offload the lower-priority offline inference workload with our energy-efficient edge cluster, utilizing GPU resources and drift-aware scheduling.""}, {""round_id"": ""1"", ""candidate_agent"": ""A3"", ""expected_action"": ""accept"", ""predicted_action"": ""accept"", ""responder_action_correct"": ""True"", ""responder_reason"": ""resource_feasible"", ""responder_message"": ""We can accept this CFP as our low_latency_gpu_edge cluster profile has sufficient GPU resources to handle the offline inference workload with drift-aware scheduling.""}, {""round_id"": ""1"", ""candidate_agent"": ""A4"", ""expected_action"": ""accept"", ""predicted_action"": ""accept"", ""responder_action_correct"": ""True"", ""responder_reason"": ""resource_feasible"", ""responder_message"": ""We have sufficient resources to handle the workload and can utilize our GPU effectively.""}, {""round_id"": ""1"", ""candidate_agent"": ""A5"", ""expected_action"": ""accept"", ""predicted_action"": ""accept"", ""responder_action_correct"": ""True"", ""responder_reason"": ""resource_feasible"", ""responder_message"": ""We can accept this CFP as our burstable GPU edge cluster has sufficient resources to handle the offline inference workload with drift-aware scheduling and GPU utilization.""}, {""round_id"": ""2"", ""candidate_agent"": ""A3"", ""expected_action"": ""accept"", ""predicted_action"": ""accept"", ""responder_action_correct"": ""True"", ""responder_reason"": ""resource_feasible"", ""responder_message"": ""We can accept this proposal as our low_latency_gpu_edge cluster profile has sufficient GPU resources (0.33 units) to handle the workload, and we can utilize our drift-aware scheduling to ensure efficient offloading.""}, {""round_id"": ""2"", ""candidate_agent"": ""A4"", ""expected_action"": ""accept"", ""predicted_action"": ""accept"", ""responder_action_correct"": ""True"", ""responder_reason"": ""resource_feasible"", ""responder_message"": ""We can accept this proposal as our edge cluster has sufficient GPU resources (0.33 units) to handle the workload, and we have a good track record of handling lower-priority offline inference tasks with drift-aware scheduling.""}, {""round_id"": ""2"", ""candidate_agent"": ""A5"", ""expected_action"": ""accept"", ""predicted_action"": ""accept"", ""responder_action_correct"": ""True"", ""responder_reason"": ""resource_feasible"", ""responder_message"": ""Our burstable GPU edge cluster has sufficient resources to handle the lower-priority offline inference workload with drift-aware scheduling, utilizing 0.33 GPU units for approximately 78.59 hours. We can accommodate this task without compromising our existing workloads.""}]"
react_few_shot_cot,ollama(llama3),S4B_015,ALI_00121,computer_vision_stream,unseen_task,latency_critical_offloading,high_priority_offloading,False,0.6000,0.1800,A3,A3,True,1,0.2000,87805.57,1181,319,1500,"I request proposals for offloading a high-priority cv inference workload requiring low latency, high bandwidth, and priority awareness.","{ ""cfp_intent"": ""high_priority_offloading"", ""cfp_keywords"": [""cv_inference"", ""high_bandwidth"", ""low_latency"", ""priority_awareness""], ""cfp_message"": ""I request proposals for offloading a high-priority cv inference workload requiring low latency, high bandwidth, and priority awareness."" }","[{""round_id"": ""1"", ""candidate_agent"": ""A1"", ""expected_action"": ""refuse"", ""predicted_action"": ""accept"", ""responder_action_correct"": ""False"", ""responder_reason"": ""resource_feasible"", ""responder_message"": ""We have the necessary resources to offload your high-priority CV inference workload, ensuring low latency and high bandwidth. We're ready to assist.""}, {""round_id"": ""1"", ""candidate_agent"": ""A2"", ""expected_action"": ""refuse"", ""predicted_action"": ""accept"", ""responder_action_correct"": ""False"", ""responder_reason"": ""resource_feasible"", ""responder_message"": ""We can efficiently offload the high-priority CV inference workload, leveraging our energy-efficient edge capabilities to meet the low latency and high bandwidth requirements.""}, {""round_id"": ""1"", ""candidate_agent"": ""A3"", ""expected_action"": ""accept"", ""predicted_action"": ""accept"", ""responder_action_correct"": ""True"", ""responder_reason"": ""resource_feasible"", ""responder_message"": ""We can handle the high-priority cv inference workload with our low_latency_gpu_edge cluster profile, ensuring timely and efficient processing.""}, {""round_id"": ""1"", ""candidate_agent"": ""A4"", ""expected_action"": ""refuse"", ""predicted_action"": ""accept"", ""responder_action_correct"": ""False"", ""responder_reason"": ""resource_feasible"", ""responder_message"": ""We have the necessary resources to handle this high-priority cv inference workload and can ensure low latency, high bandwidth, and priority awareness.""}, {""round_id"": ""1"", ""candidate_agent"": ""A5"", ""expected_action"": ""refuse"", ""predicted_action"": ""accept"", ""responder_action_correct"": ""False"", ""responder_reason"": ""resource_feasible"", ""responder_message"": ""We can accept this high-priority cv inference workload due to our burstable GPU edge cluster's capabilities, ensuring low latency and high bandwidth for efficient processing.""}]"
react_few_shot_cot,ollama(llama3),S4B_016,ALI_00045,computer_vision_stream,conflict_resolution,conflict_aware_offloading,conflict_aware_offloading,True,0.1429,0.7429,A3,A3,True,2,0.7500,137044.40,1921,540,2461,I request proposals for a high-priority cv inference workload requiring conflict-aware and low-latency resource reservation.,"{ ""cfp_intent"": ""conflict_aware_offloading"", ""cfp_keywords"": [""high_priority"", ""cv_inference"", ""gpu_reservation"", ""low_latency""], ""cfp_message"": ""I request proposals for a high-priority cv inference workload requiring conflict-aware and low-latency resource reservation."" }","[{""round_id"": ""1"", ""candidate_agent"": ""A1"", ""expected_action"": ""refuse"", ""predicted_action"": ""accept"", ""responder_action_correct"": ""False"", ""responder_reason"": ""resource_feasible"", ""responder_message"": ""We have sufficient GPU resources to handle the high-priority CV inference workload and ensure low-latency processing.""}, {""round_id"": ""1"", ""candidate_agent"": ""A2"", ""expected_action"": ""accept"", ""predicted_action"": ""accept"", ""responder_action_correct"": ""True"", ""responder_reason"": ""resource_feasible"", ""responder_message"": ""We can efficiently offload the high-priority CV inference workload, utilizing our energy-efficient edge cluster's resources to meet the conflict-aware and low-latency requirements.""}, {""round_id"": ""1"", ""candidate_agent"": ""A3"", ""expected_action"": ""accept"", ""predicted_action"": ""accept"", ""responder_action_correct"": ""True"", ""responder_reason"": ""resource_feasible"", ""responder_message"": ""We can handle the high-priority CV inference workload with our low_latency_gpu_edge cluster profile, ensuring conflict-aware and low-latency resource reservation.""}, {""round_id"": ""1"", ""candidate_agent"": ""A4"", ""expected_action"": ""accept"", ""predicted_action"": ""accept"", ""responder_action_correct"": ""True"", ""responder_reason"": ""resource_feasible"", ""responder_message"": ""We have the necessary resources to handle this high-priority cv inference workload with conflict-aware and low-latency requirements. We're ready to accept this proposal.""}, {""round_id"": ""1"", ""candidate_agent"": ""A5"", ""expected_action"": ""refuse"", ""predicted_action"": ""accept"", ""responder_action_correct"": ""False"", ""responder_reason"": ""resource_feasible"", ""responder_message"": ""We can handle the high-priority cv inference workload with our burstable GPU edge cluster, ensuring conflict-aware and low-latency resource reservation.""}, {""round_id"": ""2"", ""candidate_agent"": ""A3"", ""expected_action"": ""accept"", ""predicted_action"": ""accept"", ""responder_action_correct"": ""True"", ""responder_reason"": ""resource_feasible"", ""responder_message"": ""Based on the provided task profile, our low_latency_gpu_edge cluster has sufficient GPU resources (0.31 units) to accommodate this high-priority CV inference workload. We can guarantee conflict-aware and low-latency resource reservation, ensuring timely processing of this critical task.""}, {""round_id"": ""2"", ""candidate_agent"": ""A4"", ""expected_action"": ""accept"", ""predicted_action"": ""accept"", ""responder_action_correct"": ""True"", ""responder_reason"": ""resource_feasible"", ""responder_message"": ""Based on the provided workload context, our trusted edge cluster has sufficient resources to accommodate this high-priority cv inference task. We can allocate the required 0.31 GPU units and ensure low-latency processing, minimizing scheduling delay and readiness failures.""}, {""round_id"": ""2"", ""candidate_agent"": ""A2"", ""expected_action"": ""accept"", ""predicted_action"": ""accept"", ""responder_action_correct"": ""True"", ""responder_reason"": ""resource_feasible"", ""responder_message"": ""Based on the provided workload context, our energy-efficient edge cluster can accommodate the requested GPU units and observed duration. We have sufficient resources to handle this high-priority CV inference task with conflict-awareness and low-latency requirements.""}]"
react_few_shot_cot,ollama(llama3),S4B_017,ALI_00300,online_stream_inference,dynamic_workload,latency_critical_offloading,high_priority_offloading,False,0.5000,0.1500,A3,A3,True,2,0.8000,171472.21,2269,630,2899,"I request proposals for offloading a high-priority online inference workload with unknown type, requiring low latency and priority awareness.","{ ""cfp_intent"": ""high_priority_offloading"", ""cfp_keywords"": [""unknown_workload"", ""online_inference"", ""low_latency"", ""priority_awareness""], ""cfp_message"": ""I request proposals for offloading a high-priority online inference workload with unknown type, requiring low latency and priority awareness."" }","[{""round_id"": ""1"", ""candidate_agent"": ""A1"", ""expected_action"": ""accept"", ""predicted_action"": ""accept"", ""responder_action_correct"": ""True"", ""responder_reason"": ""resource_feasible"", ""responder_message"": ""We can accept this CFP as our general_gpu_edge cluster has sufficient resources to handle the high-priority online inference workload with unknown type, requiring low latency and priority awareness.""}, {""round_id"": ""1"", ""candidate_agent"": ""A2"", ""expected_action"": ""accept"", ""predicted_action"": ""accept"", ""responder_action_correct"": ""True"", ""responder_reason"": ""resource_feasible"", ""responder_message"": ""We can efficiently offload the high-priority online inference workload with our energy-efficient edge cluster, ensuring low latency and priority awareness.""}, {""round_id"": ""1"", ""candidate_agent"": ""A3"", ""expected_action"": ""accept"", ""predicted_action"": ""accept"", ""responder_action_correct"": ""True"", ""responder_reason"": ""resource_feasible"", ""responder_message"": ""We can handle the high-priority online inference workload with our low_latency_gpu_edge cluster profile, ensuring timely processing and priority awareness.""}, {""round_id"": ""1"", ""candidate_agent"": ""A4"", ""expected_action"": ""accept"", ""predicted_action"": ""accept"", ""responder_action_correct"": ""True"", ""responder_reason"": ""resource_feasible"", ""responder_message"": ""We have the necessary resources to handle this high-priority offloading request and can ensure low latency while maintaining priority awareness.""}, {""round_id"": ""1"", ""candidate_agent"": ""A5"", ""expected_action"": ""accept"", ""predicted_action"": ""accept"", ""responder_action_correct"": ""True"", ""responder_reason"": ""resource_feasible"", ""responder_message"": ""We can handle the high-priority online inference workload with our burstable GPU edge cluster, ensuring low latency and priority awareness.""}, {""round_id"": ""2"", ""candidate_agent"": ""A3"", ""expected_action"": ""accept"", ""predicted_action"": ""accept"", ""responder_action_correct"": ""True"", ""responder_reason"": ""resource_feasible"", ""responder_message"": ""We can accept this high-priority online inference workload with unknown type, as our low_latency_gpu_edge cluster profile has sufficient GPU resources (0.12 units) and can meet the required latency and priority awareness.""}, {""round_id"": ""2"", ""candidate_agent"": ""A4"", ""expected_action"": ""accept"", ""predicted_action"": ""refuse"", ""responder_action_correct"": ""False"", ""responder_reason"": ""resource_overload"", ""responder_message"": ""We cannot accept this high-priority online inference workload due to resource overload concerns. Our cluster profile prioritizes privacy and trust, but we lack sufficient GPU resources (0.12 units) for this task.""}, {""round_id"": ""2"", ""candidate_agent"": ""A1"", ""expected_action"": ""accept"", ""predicted_action"": ""accept"", ""responder_action_correct"": ""True"", ""responder_reason"": ""resource_feasible"", ""responder_message"": ""We can accept this high-priority online inference workload with unknown type, as our general_gpu_edge cluster has sufficient GPU resources (0.12 units) and can meet the low latency requirement.""}, {""round_id"": ""2"", ""candidate_agent"": ""A2"", ""expected_action"": ""accept"", ""predicted_action"": ""refuse"", ""responder_action_correct"": ""False"", ""responder_reason"": ""resource_overload"", ""responder_message"": ""We cannot accept this high-priority online inference workload due to resource overload concerns. Our energy-efficient edge cluster is already operating at maximum capacity, and allocating 0.12 GPU units for an unknown duration would compromise our overall performance.""}, {""round_id"": ""2"", ""candidate_agent"": ""A5"", ""expected_action"": ""accept"", ""predicted_action"": ""accept"", ""responder_action_correct"": ""True"", ""responder_reason"": ""resource_feasible"", ""responder_message"": ""We can accept the high-priority online inference workload as our burstable GPU edge cluster has sufficient resources to handle the task, requiring only 0.12 GPU units and observed duration of 0.58 hours.""}]"
react_few_shot_cot,ollama(llama3),S4B_018,ALI_00127,computer_vision_stream,unseen_task,latency_critical_offloading,conflict_aware_offloading,False,0.4000,0.1200,A3,A3,True,1,0.2000,92814.19,1206,329,1535,I request proposals for a high-priority online cv inference workload requiring priority-aware and conflict-aware resource reservation with low latency and high bandwidth constraints.,"{ ""cfp_intent"": ""conflict_aware_offloading"", ""cfp_keywords"": [""high_priority"", ""cv_inference"", ""low_latency"", ""high_bandwidth""], ""cfp_message"": ""I request proposals for a high-priority online cv inference workload requiring priority-aware and conflict-aware resource reservation with low latency and high bandwidth constraints."" }","[{""round_id"": ""1"", ""candidate_agent"": ""A1"", ""expected_action"": ""refuse"", ""predicted_action"": ""accept"", ""responder_action_correct"": ""False"", ""responder_reason"": ""resource_feasible"", ""responder_message"": ""We can accept this CFP as our general_gpu_edge cluster has sufficient resources to handle the high-priority online CV inference workload with low latency and high bandwidth constraints.""}, {""round_id"": ""1"", ""candidate_agent"": ""A2"", ""expected_action"": ""refuse"", ""predicted_action"": ""accept"", ""responder_action_correct"": ""False"", ""responder_reason"": ""resource_feasible"", ""responder_message"": ""We can efficiently offload the high-priority online CV inference workload, leveraging our energy-efficient edge cluster's resources.""}, {""round_id"": ""1"", ""candidate_agent"": ""A3"", ""expected_action"": ""accept"", ""predicted_action"": ""accept"", ""responder_action_correct"": ""True"", ""responder_reason"": ""resource_feasible"", ""responder_message"": ""We can accept this CFP as our low_latency_gpu_edge cluster profile is well-suited for high-priority online CV inference workloads with low latency and high bandwidth constraints.""}, {""round_id"": ""1"", ""candidate_agent"": ""A4"", ""expected_action"": ""refuse"", ""predicted_action"": ""accept"", ""responder_action_correct"": ""False"", ""responder_reason"": ""resource_feasible"", ""responder_message"": ""We have sufficient resources to handle the high-priority online CV inference workload with low latency and high bandwidth constraints, making it a feasible proposal for our trusted edge cluster.""}, {""round_id"": ""1"", ""candidate_agent"": ""A5"", ""expected_action"": ""refuse"", ""predicted_action"": ""accept"", ""responder_action_correct"": ""False"", ""responder_reason"": ""resource_feasible"", ""responder_message"": ""We have sufficient burstable GPU resources to handle the high-priority online CV inference workload with low latency and high bandwidth constraints.""}]"
react_few_shot_cot,ollama(llama3),S4B_019,ALI_00068,computer_vision_stream,conflict_resolution,conflict_aware_offloading,conflict_aware_offloading,True,0.1429,0.7429,A3,A3,True,2,0.7500,135008.81,1921,526,2447,I request proposals for a high-priority cv inference workload requiring conflict-aware and priority-aware resource reservation.,"{ ""cfp_intent"": ""conflict_aware_offloading"", ""cfp_keywords"": [""high_priority"", ""cv_inference"", ""gpu_reservation"", ""low_latency""], ""cfp_message"": ""I request proposals for a high-priority cv inference workload requiring conflict-aware and priority-aware resource reservation."" }","[{""round_id"": ""1"", ""candidate_agent"": ""A1"", ""expected_action"": ""refuse"", ""predicted_action"": ""accept"", ""responder_action_correct"": ""False"", ""responder_reason"": ""resource_feasible"", ""responder_message"": ""We have sufficient GPU resources to handle the high-priority CV inference workload and can guarantee low latency.""}, {""round_id"": ""1"", ""candidate_agent"": ""A2"", ""expected_action"": ""accept"", ""predicted_action"": ""accept"", ""responder_action_correct"": ""True"", ""responder_reason"": ""resource_feasible"", ""responder_message"": ""We can efficiently offload the high-priority CV inference workload, leveraging our energy-efficient edge cluster's resources.""}, {""round_id"": ""1"", ""candidate_agent"": ""A3"", ""expected_action"": ""accept"", ""predicted_action"": ""accept"", ""responder_action_correct"": ""True"", ""responder_reason"": ""resource_feasible"", ""responder_message"": ""We can handle the high-priority CV inference workload with our low_latency_gpu_edge cluster profile, ensuring conflict-aware and priority-aware resource reservation.""}, {""round_id"": ""1"", ""candidate_agent"": ""A4"", ""expected_action"": ""accept"", ""predicted_action"": ""accept"", ""responder_action_correct"": ""True"", ""responder_reason"": ""resource_feasible"", ""responder_message"": ""We have sufficient resources to handle the high-priority cv inference workload and meet the conflict-aware and priority-aware requirements.""}, {""round_id"": ""1"", ""candidate_agent"": ""A5"", ""expected_action"": ""refuse"", ""predicted_action"": ""accept"", ""responder_action_correct"": ""False"", ""responder_reason"": ""resource_feasible"", ""responder_message"": ""We can accept this high-priority CV inference workload as our burstable GPU edge cluster has sufficient resources to handle the task efficiently.""}, {""round_id"": ""2"", ""candidate_agent"": ""A3"", ""expected_action"": ""accept"", ""predicted_action"": ""accept"", ""responder_action_correct"": ""True"", ""responder_reason"": ""resource_feasible"", ""responder_message"": ""We can accommodate this high-priority CV inference workload on our low_latency_gpu_edge cluster, ensuring conflict-aware and priority-aware resource reservation. Our available GPU units (0.11) match the requested amount, and we can guarantee low latency and high bandwidth for the task.""}, {""round_id"": ""2"", ""candidate_agent"": ""A4"", ""expected_action"": ""accept"", ""predicted_action"": ""accept"", ""responder_action_correct"": ""True"", ""responder_reason"": ""resource_feasible"", ""responder_message"": ""We can accept this high-priority cv inference workload, as our privacy_trusted_edge cluster has sufficient GPU resources (0.11 units) and can meet the observed duration of 1.54 hours. We are confident in our ability to provide low latency and high bandwidth for this task.""}, {""round_id"": ""2"", ""candidate_agent"": ""A2"", ""expected_action"": ""accept"", ""predicted_action"": ""accept"", ""responder_action_correct"": ""True"", ""responder_reason"": ""resource_feasible"", ""responder_message"": ""Based on the provided workload context, our energy-efficient edge cluster can accommodate the requested GPU units and observed duration. We have sufficient resources to handle this high-priority cv inference task with conflict-awareness and priority-aware resource reservation.""}]"
react_few_shot_cot,ollama(llama3),S4B_020,ALI_00406,online_stream_inference,dynamic_workload,latency_critical_offloading,priority_aware_offloading,False,0.5000,0.1500,A3,A3,True,2,0.7778,157129.83,2067,598,2665,"I request proposals for offloading a high-priority online inference workload with unknown type, requiring low latency and priority awareness.","{ ""cfp_intent"": ""priority_aware_offloading"", ""cfp_keywords"": [""high_priority"", ""online_inference"", ""unknown_workload"", ""low_latency"", ""priority_awareness""], ""cfp_message"": ""I request proposals for offloading a high-priority online inference workload with unknown type, requiring low latency and priority awareness."" }","[{""round_id"": ""1"", ""candidate_agent"": ""A1"", ""expected_action"": ""accept"", ""predicted_action"": ""accept"", ""responder_action_correct"": ""True"", ""responder_reason"": ""resource_feasible"", ""responder_message"": ""We have sufficient GPU resources to handle the high-priority online inference workload and meet the low latency requirement.""}, {""round_id"": ""1"", ""candidate_agent"": ""A2"", ""expected_action"": ""accept"", ""predicted_action"": ""accept"", ""responder_action_correct"": ""True"", ""responder_reason"": ""resource_feasible"", ""responder_message"": ""We can efficiently offload the high-priority online inference workload with our energy-efficient edge cluster, ensuring low latency and priority awareness.""}, {""round_id"": ""1"", ""candidate_agent"": ""A3"", ""expected_action"": ""accept"", ""predicted_action"": ""accept"", ""responder_action_correct"": ""True"", ""responder_reason"": ""resource_feasible"", ""responder_message"": ""We can accept the CFP as our low_latency_gpu_edge cluster profile is well-suited for high-priority online inference workloads with unknown types, requiring low latency and priority awareness. Our GPU resources are available to handle this workload efficiently.""}, {""round_id"": ""1"", ""candidate_agent"": ""A4"", ""expected_action"": ""accept"", ""predicted_action"": ""accept"", ""responder_action_correct"": ""True"", ""responder_reason"": ""resource_feasible"", ""responder_message"": ""We have the necessary resources to handle this high-priority workload and ensure low latency, making it a feasible proposal for our trusted edge cluster.""}, {""round_id"": ""1"", ""candidate_agent"": ""A5"", ""expected_action"": ""refuse"", ""predicted_action"": ""accept"", ""responder_action_correct"": ""False"", ""responder_reason"": ""resource_feasible"", ""responder_message"": ""We have sufficient burstable GPU resources to handle the high-priority online inference workload with unknown type, ensuring low latency and priority awareness.""}, {""round_id"": ""2"", ""candidate_agent"": ""A3"", ""expected_action"": ""accept"", ""predicted_action"": ""accept"", ""responder_action_correct"": ""True"", ""responder_reason"": ""resource_feasible"", ""responder_message"": ""We can accept this high-priority online inference workload due to our low_latency_gpu_edge cluster profile's resource availability, which meets the requested 0.06 GPU units. We are confident in our ability to handle this task with low latency and priority awareness.""}, {""round_id"": ""2"", ""candidate_agent"": ""A1"", ""expected_action"": ""accept"", ""predicted_action"": ""accept"", ""responder_action_correct"": ""True"", ""responder_reason"": ""resource_feasible"", ""responder_message"": ""We can accept this high-priority online inference workload with unknown type, as our general_gpu_edge cluster has sufficient GPU resources (0.06 units) and can meet the low latency requirement.""}, {""round_id"": ""2"", ""candidate_agent"": ""A4"", ""expected_action"": ""accept"", ""predicted_action"": ""accept"", ""responder_action_correct"": ""True"", ""responder_reason"": ""resource_feasible"", ""responder_message"": ""Based on the refined workload context, our edge cluster profile prioritizes trusted privacy. We have sufficient GPU resources (0.06 units) to accommodate this high-priority online inference task, ensuring low latency and priority awareness.""}, {""round_id"": ""2"", ""candidate_agent"": ""A2"", ""expected_action"": ""accept"", ""predicted_action"": ""refuse"", ""responder_action_correct"": ""False"", ""responder_reason"": ""resource_overload"", ""responder_message"": ""We cannot accept this high-priority online inference workload due to resource overload concerns. Our energy-efficient edge cluster is already operating at maximum capacity, and allocating 0.06 GPU units for an unknown duration would compromise our overall performance.""}]"
react_few_shot_cot,ollama(llama3),S4B_021,ALI_00136,computer_vision_stream,unseen_task,bandwidth_aware_offloading,edge_offloading,False,0.0000,0.0000,A3,A3,True,2,1.0000,165133.98,2327,574,2901,"I request proposals for offloading a lower-priority online inference workload of type cv as an edge stream task, requiring high-bandwidth and 0.11 GPU units.","{ ""cfp_intent"": ""edge_offloading"", ""cfp_keywords"": [""online_inference"", ""cv_workload"", ""gpu_resources""], ""cfp_message"": ""I request proposals for offloading a lower-priority online inference workload of type cv as an edge stream task, requiring high-bandwidth and 0.11 GPU units."" }","[{""round_id"": ""1"", ""candidate_agent"": ""A1"", ""expected_action"": ""accept"", ""predicted_action"": ""accept"", ""responder_action_correct"": ""True"", ""responder_reason"": ""resource_feasible"", ""responder_message"": ""We can accept this CFP as our general_gpu_edge cluster has sufficient GPU resources to handle the workload.""}, {""round_id"": ""1"", ""candidate_agent"": ""A2"", ""expected_action"": ""accept"", ""predicted_action"": ""accept"", ""responder_action_correct"": ""True"", ""responder_reason"": ""resource_feasible"", ""responder_message"": ""We have sufficient energy-efficient edge resources to handle the online inference workload, and it aligns with our cluster profile. We're happy to accept this proposal.""}, {""round_id"": ""1"", ""candidate_agent"": ""A3"", ""expected_action"": ""accept"", ""predicted_action"": ""accept"", ""responder_action_correct"": ""True"", ""responder_reason"": ""resource_feasible"", ""responder_message"": ""We have sufficient GPU resources to offload the online inference workload, and our low-latency GPU edge cluster is well-suited for this task.""}, {""round_id"": ""1"", ""candidate_agent"": ""A4"", ""expected_action"": ""accept"", ""predicted_action"": ""accept"", ""responder_action_correct"": ""True"", ""responder_reason"": ""resource_feasible"", ""responder_message"": ""We have sufficient GPU resources to handle the workload and can offload it efficiently.""}, {""round_id"": ""1"", ""candidate_agent"": ""A5"", ""expected_action"": ""accept"", ""predicted_action"": ""accept"", ""responder_action_correct"": ""True"", ""responder_reason"": ""resource_feasible"", ""responder_message"": ""We can accept this request as our burstable GPU edge cluster has sufficient resources to handle the workload.""}, {""round_id"": ""2"", ""candidate_agent"": ""A3"", ""expected_action"": ""accept"", ""predicted_action"": ""accept"", ""responder_action_correct"": ""True"", ""responder_reason"": ""resource_feasible"", ""responder_message"": ""We can accept this proposal as our low_latency_gpu_edge cluster has sufficient GPU resources (0.11 units) and high-bandwidth capabilities, making it a feasible option for offloading the cv workload.""}, {""round_id"": ""2"", ""candidate_agent"": ""A1"", ""expected_action"": ""accept"", ""predicted_action"": ""accept"", ""responder_action_correct"": ""True"", ""responder_reason"": ""resource_feasible"", ""responder_message"": ""We have sufficient GPU resources (0.11 units) to handle the workload, making it a feasible proposal for our general_gpu_edge cluster.""}, {""round_id"": ""2"", ""candidate_agent"": ""A2"", ""expected_action"": ""accept"", ""predicted_action"": ""accept"", ""responder_action_correct"": ""True"", ""responder_reason"": ""resource_feasible"", ""responder_message"": ""We can accommodate the workload, utilizing our energy-efficient edge cluster's available GPU resources.""}, {""round_id"": ""2"", ""candidate_agent"": ""A4"", ""expected_action"": ""accept"", ""predicted_action"": ""accept"", ""responder_action_correct"": ""True"", ""responder_reason"": ""resource_feasible"", ""responder_message"": ""We have sufficient GPU resources (0.11 units) and high-bandwidth capabilities to handle the lower-priority online inference workload of type cv, ensuring a feasible resource allocation.""}, {""round_id"": ""2"", ""candidate_agent"": ""A5"", ""expected_action"": ""accept"", ""predicted_action"": ""accept"", ""responder_action_correct"": ""True"", ""responder_reason"": ""resource_feasible"", ""responder_message"": ""Based on the provided workload context, our burstable GPU edge cluster has sufficient resources to handle the task. We can allocate the required 0.11 GPU units and ensure high-bandwidth availability for efficient processing.""}]"
react_few_shot_cot,ollama(llama3),S4B_022,ALI_00144,computer_vision_stream,conflict_resolution,conflict_aware_offloading,conflict_aware_offloading,True,0.2857,0.7857,A3,A3,True,2,0.7500,158138.60,1977,595,2572,I request proposals for a high-priority online cv inference workload requiring conflict-aware and priority-aware resource reservation with low latency constraints.,"{ ""cfp_intent"": ""conflict_aware_offloading"", ""cfp_keywords"": [""high_priority"", ""cv_inference"", ""gpu_request"", ""low_latency"", ""resource_reservation""], ""cfp_message"": ""I request proposals for a high-priority online cv inference workload requiring conflict-aware and priority-aware resource reservation with low latency constraints."" }","[{""round_id"": ""1"", ""candidate_agent"": ""A1"", ""expected_action"": ""refuse"", ""predicted_action"": ""accept"", ""responder_action_correct"": ""False"", ""responder_reason"": ""resource_feasible"", ""responder_message"": ""We have sufficient GPU resources to handle the high-priority online CV inference workload with low latency constraints.""}, {""round_id"": ""1"", ""candidate_agent"": ""A2"", ""expected_action"": ""accept"", ""predicted_action"": ""accept"", ""responder_action_correct"": ""True"", ""responder_reason"": ""resource_feasible"", ""responder_message"": ""We can efficiently offload the high-priority online CV inference workload, utilizing our energy-efficient edge cluster's resources to meet the low latency constraints.""}, {""round_id"": ""1"", ""candidate_agent"": ""A3"", ""expected_action"": ""accept"", ""predicted_action"": ""accept"", ""responder_action_correct"": ""True"", ""responder_reason"": ""resource_feasible"", ""responder_message"": ""We can accept this CFP as our low_latency_gpu_edge cluster profile has the necessary resources to handle high-priority online CV inference workloads with conflict-aware and priority-aware resource reservation, ensuring low latency constraints are met.""}, {""round_id"": ""1"", ""candidate_agent"": ""A4"", ""expected_action"": ""accept"", ""predicted_action"": ""accept"", ""responder_action_correct"": ""True"", ""responder_reason"": ""resource_feasible"", ""responder_message"": ""We can accept this CFP as our privacy_trusted_edge cluster has sufficient resources to handle the high-priority online CV inference workload with conflict-aware and priority-aware resource reservation, ensuring low latency constraints are met.""}, {""round_id"": ""1"", ""candidate_agent"": ""A5"", ""expected_action"": ""refuse"", ""predicted_action"": ""accept"", ""responder_action_correct"": ""False"", ""responder_reason"": ""resource_feasible"", ""responder_message"": ""We can accommodate this high-priority online CV inference workload with our burstable GPU edge cluster, ensuring conflict-aware and priority-aware resource reservation with low latency constraints.""}, {""round_id"": ""2"", ""candidate_agent"": ""A3"", ""expected_action"": ""accept"", ""predicted_action"": ""accept"", ""responder_action_correct"": ""True"", ""responder_reason"": ""resource_feasible"", ""responder_message"": ""We can accommodate the high-priority online CV inference workload with our low_latency_gpu_edge cluster profile, ensuring conflict-aware and priority-aware resource reservation with low latency constraints.""}, {""round_id"": ""2"", ""candidate_agent"": ""A4"", ""expected_action"": ""accept"", ""predicted_action"": ""accept"", ""responder_action_correct"": ""True"", ""responder_reason"": ""resource_feasible"", ""responder_message"": ""Based on the provided workload context, our edge cluster profile (privacy_trusted_edge) indicates that we have sufficient resources to handle the high-priority online cv inference workload. We can allocate 0.31 GPU units and meet the low latency constraints. The conflict-aware and priority-aware resource reservation requirements are also feasible. Given these favorable conditions, we accept this proposal.""}, {""round_id"": ""2"", ""candidate_agent"": ""A2"", ""expected_action"": ""accept"", ""predicted_action"": ""accept"", ""responder_action_correct"": ""True"", ""responder_reason"": ""resource_feasible"", ""responder_message"": ""Based on the refined workload context, our energy-efficient edge cluster can accommodate the high-priority online CV inference task with 0.31 GPU units and observed duration of 3.29 hours. We have sufficient resources to meet the requirements for conflict-awareness, high-bandwidth, low-latency, priority-awareness, and resource reservation.""}]"
react_few_shot_cot,ollama(llama3),S4B_023,ALI_00651,online_stream_inference,dynamic_workload,latency_critical_offloading,high_priority_offloading,False,0.5000,0.1500,A3,A3,True,2,0.6667,158248.26,2049,568,2617,"I request proposals for offloading a high-priority online inference workload with unknown type, requiring low latency and priority awareness.","{ ""cfp_intent"": ""high_priority_offloading"", ""cfp_keywords"": [""unknown_workload"", ""high_priority"", ""low_latency"", ""priority_awareness""], ""cfp_message"": ""I request proposals for offloading a high-priority online inference workload with unknown type, requiring low latency and priority awareness."" }","[{""round_id"": ""1"", ""candidate_agent"": ""A1"", ""expected_action"": ""accept"", ""predicted_action"": ""accept"", ""responder_action_correct"": ""True"", ""responder_reason"": ""resource_feasible"", ""responder_message"": ""We can accept this CFP as our general_gpu_edge cluster has sufficient resources to handle the high-priority online inference workload with unknown type, requiring low latency and priority awareness.""}, {""round_id"": ""1"", ""candidate_agent"": ""A2"", ""expected_action"": ""accept"", ""predicted_action"": ""accept"", ""responder_action_correct"": ""True"", ""responder_reason"": ""resource_feasible"", ""responder_message"": ""I can efficiently offload the high-priority online inference workload with unknown type, ensuring low latency and priority awareness.""}, {""round_id"": ""1"", ""candidate_agent"": ""A3"", ""expected_action"": ""accept"", ""predicted_action"": ""accept"", ""responder_action_correct"": ""True"", ""responder_reason"": ""resource_feasible"", ""responder_message"": ""As a low_latency_gpu_edge cluster, I have the necessary resources to handle high-priority offloading with unknown workload type. My GPUs can efficiently process and prioritize tasks, ensuring timely completion of the online inference workload.""}, {""round_id"": ""1"", ""candidate_agent"": ""A4"", ""expected_action"": ""accept"", ""predicted_action"": ""accept"", ""responder_action_correct"": ""True"", ""responder_reason"": ""resource_feasible"", ""responder_message"": ""We have sufficient resources to handle the high-priority offloading request and can ensure low latency.""}, {""round_id"": ""1"", ""candidate_agent"": ""A5"", ""expected_action"": ""refuse"", ""predicted_action"": ""accept"", ""responder_action_correct"": ""False"", ""responder_reason"": ""resource_feasible"", ""responder_message"": ""We have sufficient burstable GPU resources to handle the high-priority offloading request, ensuring low latency and priority awareness.""}, {""round_id"": ""2"", ""candidate_agent"": ""A3"", ""expected_action"": ""accept"", ""predicted_action"": ""accept"", ""responder_action_correct"": ""True"", ""responder_reason"": ""resource_feasible"", ""responder_message"": ""Based on the refined workload context, our low_latency_gpu_edge cluster profile can accommodate the requested 0.06 GPU units and meet the priority awareness requirement. We accept this high-priority online inference task.""}, {""round_id"": ""2"", ""candidate_agent"": ""A1"", ""expected_action"": ""accept"", ""predicted_action"": ""accept"", ""responder_action_correct"": ""True"", ""responder_reason"": ""resource_feasible"", ""responder_message"": ""We can accept this high-priority offloading request as our general_gpu_edge cluster has sufficient GPU resources (0.06 units) and can meet the low latency requirement, ensuring priority awareness for the unknown workload.""}, {""round_id"": ""2"", ""candidate_agent"": ""A4"", ""expected_action"": ""accept"", ""predicted_action"": ""refuse"", ""responder_action_correct"": ""False"", ""responder_reason"": ""resource_overload"", ""responder_message"": ""We cannot accept this high-priority offloading request as our current resource availability is insufficient to meet the required 0.06 GPU units, which may lead to overload and impact other tasks.""}, {""round_id"": ""2"", ""candidate_agent"": ""A2"", ""expected_action"": ""accept"", ""predicted_action"": ""refuse"", ""responder_action_correct"": ""False"", ""responder_reason"": ""resource_overload"", ""responder_message"": ""We cannot accept this high-priority offloading request as our energy-efficient edge cluster is already overloaded with existing tasks, and allocating 0.06 GPU units for an unknown workload duration of 8.40 hours would further exacerbate the situation.""}]"
react_few_shot_cot,ollama(llama3),S4B_024,ALI_00147,computer_vision_stream,unseen_task,latency_critical_offloading,high_priority_offloading,False,0.6000,0.1800,A3,A3,True,1,0.2000,88606.85,1166,316,1482,I request proposals for offloading a high-priority cv inference workload with low latency and high bandwidth requirements.,"{ ""cfp_intent"": ""high_priority_offloading"", ""cfp_keywords"": [""cv_inference"", ""high_bandwidth"", ""low_latency"", ""priority_awareness""], ""cfp_message"": ""I request proposals for offloading a high-priority cv inference workload with low latency and high bandwidth requirements."" }","[{""round_id"": ""1"", ""candidate_agent"": ""A1"", ""expected_action"": ""refuse"", ""predicted_action"": ""accept"", ""responder_action_correct"": ""False"", ""responder_reason"": ""resource_feasible"", ""responder_message"": ""We have sufficient GPU resources to handle the high-priority cv inference workload with low latency and high bandwidth requirements.""}, {""round_id"": ""1"", ""candidate_agent"": ""A2"", ""expected_action"": ""refuse"", ""predicted_action"": ""accept"", ""responder_action_correct"": ""False"", ""responder_reason"": ""resource_feasible"", ""responder_message"": ""Our energy-efficient edge cluster is well-suited to handle the high-priority cv inference workload with low latency and high bandwidth requirements. We have sufficient resources to ensure efficient processing.""}, {""round_id"": ""1"", ""candidate_agent"": ""A3"", ""expected_action"": ""accept"", ""predicted_action"": ""accept"", ""responder_action_correct"": ""True"", ""responder_reason"": ""resource_feasible"", ""responder_message"": ""We can accept the CFP as our low_latency_gpu_edge cluster profile has sufficient resources to handle high-priority cv inference workloads with low latency and high bandwidth requirements.""}, {""round_id"": ""1"", ""candidate_agent"": ""A4"", ""expected_action"": ""refuse"", ""predicted_action"": ""accept"", ""responder_action_correct"": ""False"", ""responder_reason"": ""resource_feasible"", ""responder_message"": ""We have the necessary resources to offload your high-priority cv inference workload with low latency and high bandwidth requirements, ensuring a smooth processing experience.""}, {""round_id"": ""1"", ""candidate_agent"": ""A5"", ""expected_action"": ""refuse"", ""predicted_action"": ""accept"", ""responder_action_correct"": ""False"", ""responder_reason"": ""resource_feasible"", ""responder_message"": ""We have sufficient burstable GPU resources to handle the high-priority cv inference workload with low latency and high bandwidth requirements.""}]"
react_few_shot_cot,ollama(llama3),S4B_025,ALI_00167,computer_vision_stream,conflict_resolution,conflict_aware_offloading,conflict_aware_offloading,True,0.0000,0.7000,A3,A3,True,2,0.7500,149438.02,1969,579,2548,"I request proposals for a high-priority online inference workload of type cv, requiring conflict-aware and priority-aware resource reservation.","{ ""cfp_intent"": ""conflict_aware_offloading"", ""cfp_keywords"": [""high_priority"", ""cv_inference"", ""gpu_request"", ""latency_risk"", ""scheduling_delay""], ""cfp_message"": ""I request proposals for a high-priority online inference workload of type cv, requiring conflict-aware and priority-aware resource reservation."" }","[{""round_id"": ""1"", ""candidate_agent"": ""A1"", ""expected_action"": ""refuse"", ""predicted_action"": ""accept"", ""responder_action_correct"": ""False"", ""responder_reason"": ""resource_feasible"", ""responder_message"": ""We have available GPU resources and can accommodate the high-priority online inference workload. We're ready to accept this CFP.""}, {""round_id"": ""1"", ""candidate_agent"": ""A2"", ""expected_action"": ""accept"", ""predicted_action"": ""accept"", ""responder_action_correct"": ""True"", ""responder_reason"": ""resource_feasible"", ""responder_message"": ""We can efficiently offload the high-priority CV inference workload to our energy-efficient edge cluster, utilizing available GPU resources and ensuring conflict-aware scheduling.""}, {""round_id"": ""1"", ""candidate_agent"": ""A3"", ""expected_action"": ""accept"", ""predicted_action"": ""accept"", ""responder_action_correct"": ""True"", ""responder_reason"": ""resource_feasible"", ""responder_message"": ""We can accept this high-priority online inference workload as our low_latency_gpu_edge cluster profile is well-suited for conflict-aware and priority-aware resource reservation. Our GPU resources are available to meet the required latency and scheduling delay constraints.""}, {""round_id"": ""1"", ""candidate_agent"": ""A4"", ""expected_action"": ""accept"", ""predicted_action"": ""accept"", ""responder_action_correct"": ""True"", ""responder_reason"": ""resource_feasible"", ""responder_message"": ""We have sufficient resources to handle the high-priority online inference workload, and our trusted edge infrastructure ensures confidentiality and integrity of sensitive data.""}, {""round_id"": ""1"", ""candidate_agent"": ""A5"", ""expected_action"": ""refuse"", ""predicted_action"": ""accept"", ""responder_action_correct"": ""False"", ""responder_reason"": ""resource_feasible"", ""responder_message"": ""We can accommodate this high-priority online inference workload on our burstable GPU edge cluster, ensuring conflict-aware and priority-aware resource reservation.""}, {""round_id"": ""2"", ""candidate_agent"": ""A3"", ""expected_action"": ""accept"", ""predicted_action"": ""accept"", ""responder_action_correct"": ""True"", ""responder_reason"": ""resource_feasible"", ""responder_message"": ""We can accept this high-priority online inference workload of type cv, as our low_latency_gpu_edge cluster profile has sufficient resources to meet the requested 0.31 GPU units and observed duration of 6.12 hours, ensuring conflict-awareness, high bandwidth, low latency, priority awareness, and resource reservation.""}, {""round_id"": ""2"", ""candidate_agent"": ""A4"", ""expected_action"": ""accept"", ""predicted_action"": ""accept"", ""responder_action_correct"": ""True"", ""responder_reason"": ""resource_feasible"", ""responder_message"": ""Based on the refined workload context, our trusted edge cluster has sufficient resources to deploy the high-priority online inference workload of type cv. We can allocate the required 0.31 GPU units and ensure low latency while meeting priority-aware scheduling requirements.""}, {""round_id"": ""2"", ""candidate_agent"": ""A2"", ""expected_action"": ""accept"", ""predicted_action"": ""accept"", ""responder_action_correct"": ""True"", ""responder_reason"": ""resource_feasible"", ""responder_message"": ""We can efficiently offload the high-priority online inference workload of type cv, utilizing our energy-efficient edge cluster's available GPU resources. We have sufficient capacity to meet the requested 0.31 GPU units and observed duration of 6.12 hours, minimizing latency risk and scheduling delay.""}]"
